Time_spent_on_Online_Class,Time_spent_on_self_study,Time_utilized,Time_spent_on_social_media
2.0,4.0,1,3
0.0,0.0,1,3
7.0,3.0,0,2
3.0,2.0,0,5
3.0,3.0,0,3
0.0,6.0,0,1
2.0,2.0,0,4
2.0,1.0,0,5
3.0,4.0,0,2
0.0,1.0,0,5
3.0,3.0,0,3
1.0,0.0,1,3
3.0,0.0,0,3
1.0,2.0,1,0
5.0,1.0,0,3
3.0,3.0,1,2
0.0,0.0,0,2
1.0,2.0,0,1
0.0,4.0,0,7
5.0,2.0,1,4
4.0,5.0,1,2
5.0,2.0,1,5
4.0,1.0,0,6
4.0,2.0,1,1
3.0,4.0,1,2
5.0,2.0,1,5
4.0,5.0,0,3
3.0,6.0,0,2
8.0,4.0,1,2
4.0,6.0,0,3
4.0,5.0,1,2
4.0,8.0,1,2
0.0,5.0,1,2
5.0,1.0,1,2
0.0,6.0,1,5
6.0,2.0,0,3
4.0,1.0,0,1
4.0,2.0,0,2
1.0,2.0,0,2
0.0,8.0,0,0
4.0,4.0,1,4
0.0,0.0,1,8
7.0,2.0,0,2
5.0,3.0,0,1
2.0,2.0,0,1
3.0,2.0,0,1
2.0,6.0,1,1
2.0,3.0,0,2
3.0,4.0,1,2
4.0,2.0,1,4
0.0,1.0,0,2
5.0,6.0,0,2
3.0,7.0,0,1
0.0,2.0,1,1
4.0,4.0,1,2
4.0,2.0,1,1
2.0,2.0,0,1
1.0,8.0,1,5
5.0,1.0,0,1
0.0,5.0,1,1
6.0,6.0,1,1
3.0,6.0,1,1
0.0,2.0,0,5
2.0,0.0,0,2
2.0,1.0,1,5
4.0,4.0,0,2
0.0,0.0,0,4
3.0,1.0,1,3
1.5,3.0,0,1
2.0,2.0,0,5
2.0,3.0,0,2
6.0,4.0,0,2
2.0,2.0,0,3
1.0,0.5,0,5
3.0,2.0,0,8
3.0,5.0,1,4
0.0,1.0,1,2
3.0,3.0,0,10
3.0,0.0,0,5
1.0,4.0,1,2
5.0,5.0,0,7
3.0,2.0,0,1
2.0,2.0,1,3
0.0,1.0,0,2
1.0,8.0,1,1
2.0,2.0,0,5
5.0,3.0,1,1
4.0,3.0,0,1
3.0,4.0,0,1
4.0,3.0,1,3
4.0,3.0,0,1
0.0,4.0,0,1
4.0,0.0,0,2
4.0,2.0,1,6
2.0,3.0,0,4
5.0,3.0,0,2
3.0,1.0,0,4
2.0,0.0,0,4
1.0,3.0,0,1
1.0,2.0,0,1
6.0,2.0,1,2
3.0,5.0,0,7
4.0,4.0,1,1
3.0,3.0,0,3
2.0,7.0,1,0
4.0,6.0,1,0
2.0,1.5,0,2
1.0,2.0,0,1
2.0,3.0,1,1
3.0,3.0,1,1
0.0,2.0,1,0
3.0,3.0,0,2
1.0,4.0,0,1
5.0,4.0,0,4
2.0,3.0,0,2
3.0,6.0,1,3
4.0,8.0,1,2
3.0,5.0,1,0
4.0,2.0,1,2
2.0,6.0,0,1
2.5,2.0,0,1
6.0,5.0,1,1
4.0,4.0,1,1
5.0,3.0,1,7
1.0,2.0,0,1
5.0,4.0,1,2
2.0,3.0,1,1
2.0,4.0,0,2
1.0,3.0,1,4
0.0,1.0,0,5
3.0,3.0,1,2
6.0,4.0,0,1
2.0,2.0,1,2
2.0,4.0,0,4
5.0,1.0,1,1
0.1,2.5,0,0
3.0,5.0,0,2
4.0,2.0,0,1
1.0,10.0,1,1
3.0,2.0,0,1
3.0,5.0,1,2
3.0,3.0,1,2
1.0,1.0,1,0
2.0,6.0,1,1
2.0,2.0,1,2
4.0,2.0,1,2
6.0,1.0,1,1
3.0,2.0,0,2
6.0,3.0,0,2
1.0,1.0,1,1
2.0,2.0,0,2
4.0,4.0,0,2
4.0,7.0,1,1
5.0,3.0,0,2
1.0,3.0,0,1
0.5,7.0,1,0
3.0,1.0,0,2
5.0,1.0,0,1
4.0,6.0,1,1
3.0,2.0,0,2
4.0,2.0,0,2
6.0,3.0,0,4
0.0,1.0,0,4
4.0,3.0,0,1
1.0,4.0,0,2
3.0,0.0,0,4
4.0,4.0,1,2
0.0,1.0,0,10
0.0,3.0,0,1
4.0,2.0,0,1
0.0,3.0,1,2
0.0,1.0,0,0
4.0,3.0,1,1
1.0,3.0,0,1
5.0,4.0,1,2
0.0,4.0,1,2
3.0,3.0,1,1
0.0,3.0,0,0
6.0,2.0,0,4
1.0,1.0,0,2
1.0,2.0,1,3
3.0,0.5,1,2
2.0,2.0,1,2
1.0,7.0,1,1
3.0,1.5,0,2
4.0,1.0,0,1
1.0,4.0,0,1
2.0,5.0,1,3
2.0,10.0,1,2
1.0,0.0,0,2
5.0,5.0,0,3
3.0,3.0,0,4
3.0,8.0,0,3
3.0,3.0,1,1
3.0,0.0,0,10
1.5,1.0,0,1
4.0,4.0,1,2
3.0,3.0,1,1
3.0,5.0,1,2
2.0,3.0,0,4
0.5,3.0,1,1
5.0,10.0,1,1
3.0,4.0,1,2
7.0,7.0,1,2
0.0,0.0,0,6
5.0,2.5,1,3
7.0,4.0,1,1
6.0,1.0,1,2
3.0,6.0,1,0
7.0,4.0,1,1
6.0,5.0,0,2
3.0,4.0,1,2
6.0,1.5,1,2
6.0,5.0,0,1
3.0,4.0,1,4
6.0,2.0,0,1
4.0,2.0,0,0
8.0,7.0,0,1
0.5,5.0,1,1
0.0,2.0,0,3
4.0,3.0,1,3
9.0,3.0,0,0
1.0,8.0,1,2
0.0,3.0,1,8
1.5,0.0,1,6
2.0,2.0,0,2
2.0,5.0,1,2
1.0,1.0,0,5
4.0,5.0,1,3
6.0,8.0,0,2
0.0,10.0,0,0
4.0,3.0,1,2
6.0,4.0,1,0
5.0,1.5,1,1
5.0,10.0,1,1
2.0,2.0,0,4
5.0,8.0,0,1
3.0,1.0,1,1
1.0,1.0,0,1
3.0,2.0,1,1
0.0,2.0,1,4
7.0,3.0,0,1
6.0,2.0,0,3
1.0,2.0,0,1
4.0,2.0,1,3
6.0,2.0,0,4
5.0,4.0,0,2
3.0,2.0,1,2
4.0,0.0,0,1
5.0,2.0,0,5
0.0,8.0,1,3
4.0,5.0,0,0
4.0,4.0,0,2
3.0,2.0,0,5
0.0,3.0,0,4
5.0,4.0,0,10
4.0,8.0,1,1
0.0,4.0,0,2
5.0,1.0,0,1
1.0,0.0,0,5
0.0,1.0,0,4
3.0,3.0,1,0
4.0,2.0,0,4
4.0,5.0,0,2
6.0,3.0,0,1
2.0,2.0,1,3
5.5,5.0,0,1
0.0,8.0,1,3
0.0,0.0,1,3
4.0,2.0,0,3
3.0,5.0,0,1
4.0,2.5,1,0
0.0,8.0,1,2
1.0,3.0,1,3
1.0,1.0,0,2
2.0,1.0,0,1
2.0,3.0,0,3
7.0,2.0,1,2
0.0,2.0,0,3
6.0,4.0,1,1
5.0,6.0,1,1
3.0,6.0,1,0
5.0,2.0,0,2
7.0,5.0,0,2
1.0,2.0,0,1
5.0,1.0,1,3
3.0,9.0,0,1
1.0,3.0,1,4
3.0,3.0,0,2
7.0,2.0,1,2
2.0,1.0,0,5
9.0,5.0,1,1
0.0,1.0,1,5
0.0,6.0,0,4
2.0,3.0,1,1
8.0,2.0,0,0
1.0,3.0,0,3
3.0,2.0,0,3
0.0,1.0,0,3
5.0,5.0,0,2
5.0,5.0,1,1
2.0,8.0,1,2
4.0,1.0,1,4
0.0,1.0,1,4
3.0,3.0,0,2
1.0,3.0,0,1
3.0,4.0,0,3
3.0,6.0,1,3
4.0,3.0,1,4
1.0,3.0,0,1
5.0,3.0,1,6
2.0,5.0,1,4
4.0,2.0,0,1
8.0,2.0,0,0
1.0,4.0,0,6
5.0,2.0,1,2
0.0,0.0,1,6
3.0,0.0,0,5
2.0,2.0,1,2
1.0,3.0,1,2
0.0,1.0,0,1
6.0,6.0,0,3
4.0,2.0,0,2
0.0,2.0,1,5
5.0,2.0,0,0
6.0,4.0,1,1
0.0,2.0,1,1
2.0,2.0,1,1
1.0,0.0,0,10
2.0,2.0,0,2
5.0,2.3,1,2
1.0,2.0,0,3
2.0,2.5,0,2
4.0,1.0,0,1
8.0,6.0,1,1
2.0,0.0,0,2
4.0,10.0,0,1
1.0,10.0,1,2
3.0,3.0,1,1
0.0,5.0,0,2
4.0,4.0,1,1
2.0,4.0,0,2
5.0,2.0,0,1
2.0,1.0,0,3
1.5,2.0,1,1
4.0,2.0,0,1
0.5,2.0,1,1
3.0,3.0,0,2
5.0,3.0,1,3
2.0,3.0,1,2
0.75,5.0,0,2
1.0,2.0,1,2
1.0,2.0,0,2
7.0,8.0,1,1
2.5,1.0,1,2
4.0,5.0,1,2
2.0,1.0,0,3
0.0,2.0,1,3
6.0,0.0,1,4
4.0,2.0,1,1
5.0,1.0,1,2
1.0,5.0,1,2
3.0,0.0,0,3
6.0,2.5,1,0
3.0,3.0,0,2
1.0,2.0,1,0
1.0,2.5,1,4
0.5,2.0,1,2
2.0,1.0,1,1
1.0,2.0,0,4
1.0,1.2,1,0
3.0,2.0,0,4
1.0,2.0,0,2
3.0,3.0,0,2
4.0,3.0,1,1
3.0,4.0,0,4
0.0,4.0,1,2
2.0,1.0,1,1
3.0,2.0,0,2
1.0,1.0,0,1
4.0,2.0,1,2
0.0,0.0,0,2
4.0,4.0,0,2
4.0,3.0,0,2
3.0,1.0,0,2
2.0,2.0,1,1
2.0,3.0,1,2
1.0,1.0,1,4
1.0,2.0,1,4
5.0,3.0,1,1
1.0,4.0,0,3
3.0,4.0,1,2
0.75,2.0,0,4
4.0,2.0,0,1
2.0,5.0,1,4
3.0,2.0,1,1
0.0,4.0,0,4
3.0,2.0,0,1
2.0,1.0,1,3
1.0,1.0,0,2
7.0,1.0,1,1
2.0,1.0,1,2
1.0,2.0,1,3
2.0,4.0,1,2
0.0,2.0,0,6
1.0,0.0,1,2
5.0,3.0,1,4
4.0,1.0,0,5
3.0,2.0,1,1
1.0,3.0,1,1
1.0,1.0,0,0
5.0,1.0,0,1
2.0,3.0,0,5
2.0,2.0,1,1
2.0,1.0,1,1
2.0,1.0,1,2
8.0,10.0,1,1
0.0,3.0,1,3
2.0,2.0,1,3
1.0,3.0,0,3
3.0,0.0,0,4
1.0,3.0,0,1
0.0,1.0,0,6
2.0,3.0,1,3
1.0,0.0,0,2
4.0,4.0,1,2
2.0,0.0,0,5
2.0,2.0,1,2
5.0,3.0,1,3
1.0,0.0,0,8
3.0,1.0,0,1
3.0,2.0,0,2
7.0,3.0,0,0
1.0,2.0,1,1
2.0,2.0,1,2
0.7,3.5,1,3
2.0,2.0,0,2
2.0,1.0,0,2
3.0,4.0,1,2
0.0,2.0,0,2
3.0,5.0,1,3
0.0,2.0,0,5
3.0,2.0,1,3
0.75,2.0,1,1
3.0,3.0,1,1
6.0,3.0,1,1
4.0,2.0,0,0
3.0,4.0,1,2
0.0,0.0,0,1
4.0,6.0,1,0
0.0,9.0,1,2
6.0,4.0,0,1
2.0,4.0,1,8
7.0,2.0,0,4
0.0,5.0,1,4
4.0,2.0,1,2
0.0,0.5,1,1
2.0,3.0,1,2
2.0,4.0,0,8
4.0,2.0,1,2
1.0,3.0,1,3
1.0,0.0,1,2
2.0,6.0,1,0
2.0,1.0,0,6
5.0,7.0,1,1
0.0,10.0,1,2
4.0,5.0,0,2
4.0,0.0,0,6
0.0,3.0,0,3
2.0,2.0,0,1
2.0,0.0,1,3
4.0,10.0,1,1
5.0,2.0,0,4
4.0,4.0,1,4
4.0,3.0,1,3
4.0,2.0,1,2
4.0,1.0,0,4
4.0,0.0,0,10
6.0,6.0,1,1
6.0,6.0,0,1
2.0,3.0,0,3
0.0,1.0,0,1
2.0,2.0,0,1
3.0,7.0,1,1
2.0,6.0,0,3
4.0,4.0,0,2
2.0,2.0,0,4
5.0,2.0,0,3
5.0,6.0,1,2
3.0,6.0,1,3
5.0,0.0,0,4
7.0,0.0,0,2
0.5,3.0,0,3
0.0,8.0,0,0
0.5,1.0,0,3
4.0,1.0,0,2
3.0,2.0,0,2
3.0,2.0,1,2
4.0,2.0,1,1
4.0,2.0,0,1
2.0,3.0,0,1
1.0,2.0,1,2
4.0,0.0,0,2
0.0,2.0,0,4
0.0,1.0,0,4
0.0,4.0,1,2
4.0,3.0,1,2
2.0,2.0,1,6
2.0,3.0,0,5
2.0,5.0,0,1
1.0,1.0,1,3
2.0,3.0,1,3
1.0,2.0,0,1
4.0,5.0,0,3
6.0,5.0,1,10
3.0,4.0,1,2
4.0,3.0,0,4
0.0,1.0,0,6
3.0,3.0,0,2
0.0,0.0,0,7
1.0,8.0,0,2
2.0,1.0,1,6
4.0,4.0,0,1
2.0,0.0,0,2
0.0,1.0,0,6
6.0,4.0,0,9
2.0,1.0,0,4
0.0,1.0,1,0
3.0,6.0,1,4
6.0,2.0,1,1
4.0,2.0,1,4
3.0,2.0,1,1
5.0,6.0,0,2
2.0,2.0,1,2
3.0,4.0,1,1
1.0,2.0,1,2
3.0,6.0,0,3
1.0,4.0,1,4
5.0,2.0,1,1
4.0,4.0,0,2
1.0,2.0,0,1
2.0,0.0,0,10
2.0,2.0,0,3
7.0,4.0,1,1
0.0,8.0,1,2
4.0,3.0,1,5
5.0,2.0,0,0
2.0,1.0,0,1
6.0,2.0,0,1
2.0,2.0,1,2
3.0,2.0,0,1
4.0,4.0,1,1
0.5,1.0,0,1
0.0,2.0,0,6
1.0,1.0,0,1
3.0,0.0,0,2
3.0,1.0,1,2
2.0,1.0,0,7
1.0,3.0,0,3
3.0,2.0,1,1
2.0,8.0,0,1
4.0,4.0,0,3
8.0,8.0,1,2
8.0,2.0,1,1
2.0,0.0,0,1
4.0,4.0,0,6
2.0,0.0,0,1
0.0,1.0,0,3
0.0,0.0,0,3
2.0,1.0,1,3
2.0,2.0,0,1
3.0,0.0,1,6
4.0,4.0,0,2
0.0,2.0,0,2
4.0,1.0,1,1
6.0,4.0,0,1
2.0,1.0,1,1
0.75,4.0,1,1
3.0,1.0,1,3
3.0,2.0,1,2
4.0,3.0,0,1
0.0,2.0,1,0
6.0,3.0,1,1
2.0,0.5,1,1
3.0,2.0,0,2
4.0,3.0,1,3
2.0,1.0,1,4
2.0,0.5,0,1
5.0,8.0,1,0
2.0,3.0,1,2
6.0,8.0,1,2
4.0,2.0,1,3
1.0,2.0,0,2
3.0,6.0,1,3
5.0,3.0,1,3
1.0,2.0,0,3
5.0,2.0,1,1
4.0,2.0,0,4
0.0,2.0,1,2
1.0,8.0,1,2
6.0,3.0,0,4
4.0,3.0,0,2
1.0,10.0,1,1
0.0,4.0,0,4
4.0,1.0,1,1
1.0,2.0,0,1
2.0,3.0,1,1
2.0,0.0,0,5
2.0,2.0,1,5
3.0,2.0,0,1
6.0,0.0,0,3
2.0,3.0,1,1
1.0,4.0,0,2
1.0,0.0,0,2
0.0,3.0,0,4
1.0,3.0,1,3
2.0,5.0,0,3
3.5,2.0,1,1
6.0,2.0,1,2
2.0,2.0,0,4
0.0,1.0,0,5
4.0,4.0,1,1
1.0,1.0,0,2
4.0,5.0,1,2
4.0,3.0,0,1
2.0,1.0,0,2
3.0,4.0,1,2
4.0,3.0,0,2
2.0,5.0,0,1
1.0,1.0,1,2
3.0,1.0,1,4
2.0,2.0,1,1
1.0,2.0,0,1
0.0,1.0,0,2
2.0,5.0,1,1
0.8,1.0,0,1
2.0,1.0,1,2
2.0,2.0,1,1
0.75,2.0,1,1
0.75,1.0,1,1
0.75,2.0,1,1
4.0,4.0,1,6
4.0,4.0,0,0
0.0,2.0,0,2
4.0,6.0,1,3
5.0,1.0,0,2
3.0,2.0,0,3
0.0,0.0,0,4
4.0,2.0,0,1
4.0,5.0,1,2
0.0,3.0,0,4
2.0,2.0,1,1
6.0,4.0,0,2
4.0,3.0,0,3
4.0,4.0,0,1
5.0,0.5,0,1
5.0,2.0,1,1
6.0,2.0,0,6
3.0,2.0,0,4
1.0,1.0,0,2
2.0,1.0,1,1
2.0,2.0,0,3
3.0,3.0,1,3
4.0,3.0,1,3
5.0,1.0,0,1
5.0,3.0,1,5
1.0,2.0,0,1
6.0,2.0,0,4
3.0,6.5,1,0
3.0,2.0,1,2
0.0,4.0,1,1
5.0,4.0,0,1
0.0,0.5,0,1
0.0,0.0,0,10
3.0,3.0,1,2
2.0,1.0,0,4
0.0,3.0,0,2
3.0,4.0,0,1
4.0,5.0,1,0
3.0,3.0,0,4
7.0,0.0,1,3
0.0,2.0,1,2
4.0,2.0,1,2
4.0,2.0,1,3
3.0,6.0,1,1
0.0,1.0,0,2
4.0,1.0,1,2
6.0,6.0,0,0
3.0,3.0,1,2
1.0,3.0,0,4
0.0,6.0,1,1
3.0,5.0,0,1
1.0,2.0,0,3
2.0,10.0,1,1
2.0,1.0,1,4
3.0,1.0,1,4
2.0,2.0,1,1
2.0,2.0,1,2
2.0,5.0,1,1
0.0,1.0,0,4
0.0,1.0,1,9
2.0,3.0,1,2
7.0,3.0,1,2
7.0,2.0,1,3
2.0,1.5,0,1
4.0,4.0,1,2
3.0,2.0,0,2
0.0,0.5,0,2
5.0,2.0,0,3
4.0,1.0,0,2
3.0,3.0,0,3
2.0,2.0,0,5
1.5,2.5,0,1
3.0,3.0,0,4
2.0,4.0,0,3
4.0,5.0,1,1
3.0,7.0,1,1
2.0,0.0,0,1
3.0,3.0,0,2
5.0,2.0,1,1
2.0,6.0,1,4
0.0,1.0,1,3
2.0,2.0,0,0
0.0,6.0,0,1
1.0,4.0,0,1
2.0,3.0,1,2
4.0,4.0,1,3
4.0,5.0,1,2
2.0,2.0,1,10
1.0,4.0,1,1
4.0,3.0,1,2
4.0,1.0,0,2
2.0,1.0,0,4
0.0,2.0,0,4
3.0,1.0,0,1
6.0,6.0,1,2
2.0,2.0,0,1
0.0,3.0,0,4
3.0,2.0,0,5
4.0,2.0,0,2
2.0,4.0,1,2
0.0,0.0,0,4
5.0,4.0,1,3
3.0,2.0,1,1
2.0,2.0,0,4
3.0,2.0,0,5
3.0,5.0,0,1
4.0,2.0,1,2
2.0,2.0,1,2
2.0,2.0,1,3
5.0,4.0,1,1
0.0,5.0,0,1
1.0,5.0,0,2
5.0,3.0,1,2
4.0,2.0,1,2
1.0,1.0,1,2
2.0,5.0,0,1
4.0,3.0,0,3
6.0,4.0,1,2
0.5,2.0,0,1
1.0,0.0,0,3
4.0,2.0,0,7
2.0,2.0,0,1
5.5,3.0,1,1
0.0,0.0,0,4
6.0,3.0,0,2
4.0,1.0,0,2
5.0,4.0,1,1
3.0,1.0,1,2
2.0,4.0,0,1
3.0,2.0,1,3
7.0,8.0,0,1
5.0,2.0,1,0
0.5,1.0,0,0
0.0,2.0,1,2
4.0,3.0,0,4
5.0,1.0,1,2
1.0,0.0,0,4
3.0,5.0,1,2
1.0,2.0,1,1
5.0,3.0,1,2
4.0,1.0,0,2
1.0,2.0,0,10
7.0,2.0,0,3
3.0,3.0,0,1
2.0,3.0,0,1
0.0,2.0,1,4
4.0,0.0,0,1
4.0,4.0,1,2
5.0,4.0,0,0
1.0,1.0,0,1
5.0,2.0,1,1
2.0,5.0,0,2
4.0,2.0,0,2
4.0,5.0,1,4
3.0,2.0,0,1
3.0,4.0,1,2
0.0,1.0,1,1
0.0,0.0,0,2
2.0,1.0,0,2
3.0,4.0,0,3
3.0,2.0,1,1
5.0,3.0,0,2
0.0,4.0,0,0
5.0,4.0,0,2
0.0,1.0,0,4
0.0,0.0,0,5
5.0,2.0,1,4
1.0,2.0,0,2
3.0,2.0,1,3
5.0,5.0,1,2
2.0,1.0,1,4
1.0,1.0,0,3
3.0,2.0,1,2
2.0,0.0,0,4
2.0,1.0,0,2
2.0,7.0,0,2
0.0,2.0,0,1
3.0,5.0,1,3
2.0,2.0,1,0
3.0,8.0,0,1
2.0,3.0,0,2
4.0,4.0,0,3
4.0,3.0,1,2
3.0,5.0,1,1
4.0,5.0,1,1
4.0,4.0,1,4
3.0,8.0,1,1
5.0,6.0,1,2
6.0,2.0,1,2
2.0,3.0,0,1
4.0,2.0,0,5
5.0,6.0,1,0
3.0,3.0,0,1
6.0,4.0,1,3
4.0,2.0,1,1
4.0,2.0,1,3
2.0,3.0,0,2
2.0,3.0,1,2
5.0,4.0,0,2
2.0,3.0,1,2
5.0,1.0,0,1
4.0,2.0,0,2
4.0,3.0,1,2
3.0,2.0,0,2
2.0,2.0,0,2
2.0,8.0,1,5
8.0,2.0,0,2
4.0,1.0,0,10
5.0,4.0,1,2
3.0,2.0,0,0
3.0,1.0,0,1
4.0,6.0,0,2
4.0,1.0,1,2
4.0,2.0,0,2
5.0,5.0,0,2
2.0,1.0,0,1
4.0,5.0,0,3
3.0,2.0,1,1
6.0,2.0,1,3
2.0,1.0,1,0
5.0,3.0,0,3
4.0,1.0,1,1
1.0,2.0,0,2
4.0,5.0,1,0
2.0,2.0,0,2
4.0,3.0,1,1
3.0,4.0,1,2
7.0,2.0,0,3
3.0,2.0,0,3
7.0,4.0,1,2
10.0,3.0,0,1
5.0,2.0,0,1
8.0,5.0,0,3
5.0,4.0,1,1
4.0,4.0,0,1
4.0,3.0,1,2
6.0,4.0,0,2
5.0,4.0,1,2
3.0,2.0,1,4
5.0,1.0,0,3
2.0,3.0,0,7
2.0,4.0,0,1
4.0,3.0,0,4
6.0,2.0,1,2
2.0,2.0,0,3
1.0,3.0,0,4
3.0,2.0,0,6
1.0,3.0,0,0
5.0,2.0,0,3
8.0,2.0,0,2
7.0,7.0,1,3
4.0,1.0,0,8
5.0,2.0,1,3
1.0,2.0,1,3
3.0,1.0,0,1
5.0,3.0,0,3
2.0,3.0,0,4
0.0,1.0,0,4
0.0,0.0,0,3
5.0,1.0,1,1
10.0,7.0,1,7
4.0,1.0,1,5
1.0,5.0,0,2
6.0,2.0,0,5
7.0,1.0,0,6
5.0,6.0,1,4
2.0,1.0,0,1
3.0,2.0,0,1
5.0,2.0,0,2
2.0,6.0,1,4
5.0,2.0,1,2
5.0,2.0,1,1
5.0,1.0,1,1
5.0,2.0,1,1
4.0,3.0,1,1
4.0,2.0,0,3
2.0,2.0,0,3
5.0,1.0,0,4
1.0,3.0,1,3
3.0,6.0,1,1
9.0,2.0,1,1
2.0,2.0,1,1
3.0,2.0,0,6
3.0,0.0,1,4
5.0,3.0,1,4
1.0,1.0,1,3
9.0,2.0,1,3
2.0,2.0,0,1
1.0,6.0,1,2
2.0,3.0,1,6
5.0,4.0,1,6
2.0,2.0,0,5
3.0,3.0,0,5
4.0,3.0,1,5
2.0,1.0,0,4
4.0,6.0,0,5
2.0,7.0,0,4
4.0,10.0,0,3
3.0,2.0,1,5
0.0,10.0,1,1
1.0,0.0,0,6
10.0,1.0,1,8
6.0,2.0,1,3
6.0,2.0,0,1
3.0,1.0,0,3
2.0,6.0,0,2
0.0,1.0,0,8
2.0,1.0,0,1
4.0,2.0,1,1
3.0,2.0,1,2
2.0,2.0,1,1
0.0,2.0,0,0
0.0,0.0,0,1
4.0,8.0,0,1
2.0,4.0,0,3
5.0,5.0,1,3
0.0,6.0,1,2
2.0,1.0,1,3
0.0,4.0,0,3
0.0,2.0,1,6
8.0,1.0,0,2
0.0,0.0,0,2
2.0,1.0,1,1
3.0,5.0,1,1
5.0,3.0,0,4
4.0,3.0,1,2
1.0,2.0,0,1
4.0,2.0,0,1
2.0,3.0,0,2
4.0,2.0,1,6
10.0,2.0,0,5
4.0,2.0,1,2
4.0,2.0,0,8
7.0,4.0,0,2
8.0,2.0,0,1
6.0,4.0,0,5
5.0,0.0,1,1
4.0,2.0,1,2
6.0,2.0,0,2
6.0,5.0,1,3
8.0,0.0,0,5
4.0,0.0,1,2
8.0,2.0,0,5
1.0,1.0,0,3
8.0,3.0,0,4
2.0,2.0,0,3
5.0,2.0,0,1
2.0,1.0,0,3
0.0,8.0,1,10
2.0,2.0,0,5
4.0,2.0,1,3
8.0,4.0,0,1
6.0,2.0,0,10
6.0,4.0,1,3
0.0,3.0,1,1
5.0,3.0,0,3
4.0,3.0,1,2
6.0,2.0,0,3
3.0,2.0,0,3
4.0,2.0,0,2
3.0,2.0,0,1
4.0,2.0,1,3
4.0,3.0,0,2
4.0,2.0,0,2
0.0,2.0,1,2
3.0,4.0,1,3
2.0,3.0,0,2
5.0,3.0,1,2
5.0,4.0,1,2
3.0,2.0,1,2
0.0,1.0,1,2
1.0,3.0,1,2
0.0,4.0,0,2
4.0,4.0,1,0
1.0,3.0,1,2
0.0,2.0,0,2
3.0,2.0,0,2
5.0,1.0,1,1
6.0,4.0,1,1
4.0,2.0,0,2
2.0,3.0,1,3
2.0,0.0,1,5
0.0,2.0,0,5
2.0,8.0,1,1
2.0,1.0,0,3
4.0,3.0,0,2
2.0,6.0,0,4
0.0,0.0,0,2
5.0,4.0,0,1
3.0,3.0,0,3
4.0,1.0,0,3
5.0,3.0,1,3
6.0,4.0,1,2
2.0,1.0,0,1
2.0,2.0,1,2
4.0,2.0,1,0
2.0,2.0,0,3
2.0,3.0,0,4
0.0,1.0,1,0
4.0,3.0,0,4
2.0,2.0,0,1
3.0,2.0,1,3
3.0,3.0,0,3
0.0,3.0,1,2
8.0,1.0,0,2
6.0,2.0,0,1
2.0,1.0,1,2
3.0,2.0,0,5
4.0,2.0,1,4
2.0,4.0,0,3
5.0,0.5,1,0
4.0,3.0,1,2
4.0,5.0,0,0
4.0,3.0,0,5
8.0,4.0,1,2
8.0,5.0,0,1
5.0,2.0,1,1
7.0,3.0,0,0
5.0,1.0,0,1
4.0,4.0,0,2
7.0,3.0,0,0
2.0,0.0,0,1
5.0,2.0,0,1
5.0,4.0,1,2
4.0,8.0,1,0
4.0,4.0,0,4
4.0,4.0,1,2
8.0,2.0,0,1
7.0,2.0,0,0
3.0,4.0,1,1
8.0,1.0,0,0
7.0,3.0,0,3
4.0,4.0,1,1
8.0,8.0,0,2
5.0,4.0,1,0
8.0,4.0,1,8
8.0,4.0,0,2
4.0,4.0,1,2
7.0,3.0,0,2
6.0,1.0,0,1
6.0,1.0,0,1
8.0,5.0,1,1
4.0,1.0,1,2
9.0,10.0,0,0
3.0,6.0,1,2
6.0,3.0,1,1
8.0,0.0,0,6
8.0,1.0,1,1
5.0,3.0,1,3
4.0,3.0,1,1
4.0,0.0,0,1
5.0,1.0,1,5
0.0,6.0,1,3
5.0,2.0,0,1
4.0,5.0,1,1
5.0,2.0,0,0
4.0,2.0,0,5
6.0,6.0,1,2
5.0,1.0,0,0
5.0,4.0,1,1
5.0,2.0,0,1
6.0,1.0,1,1
2.0,8.0,0,0
5.0,8.0,1,2
5.0,1.0,1,4
4.0,2.0,1,1
4.0,3.0,1,1
5.0,5.0,1,1
6.0,8.0,1,5
5.0,4.0,1,0
4.0,1.0,0,1
6.0,2.0,1,1
4.0,1.0,1,1
4.0,2.0,1,0
4.0,3.5,1,2
8.0,3.0,0,1
6.0,2.0,0,1
6.0,8.0,0,1
4.0,0.0,1,3
6.0,3.0,1,1
6.0,2.0,1,1
4.0,2.0,1,1
5.0,4.0,1,1
7.0,4.0,0,1
3.0,4.0,0,1
6.0,3.0,1,1
3.0,1.0,0,3
4.0,2.0,0,2
5.5,2.0,1,3
4.0,2.0,1,1
6.0,2.0,1,1
2.0,2.0,0,1
6.0,3.0,1,1
4.0,2.0,1,1
4.0,2.0,1,0
5.0,3.0,1,2
4.0,1.0,1,2
8.0,1.5,0,0
5.0,2.0,1,0
3.0,1.0,1,1
4.0,1.0,0,1
4.0,2.0,1,0
6.0,3.0,0,1
5.0,4.0,0,3
6.0,2.0,1,1
5.0,2.0,1,1
4.0,1.0,1,1
5.0,2.0,0,2
6.0,2.0,1,7
4.0,4.0,1,0
4.0,2.0,1,0
5.0,3.0,1,0
6.0,7.0,1,0
6.0,1.0,1,1
6.0,2.0,0,1
6.0,5.0,1,2
6.0,2.0,1,1
3.0,5.0,1,0
4.0,3.0,1,1
4.0,2.0,1,1
6.0,3.0,1,2
5.0,2.0,1,0
5.0,4.0,1,1
4.0,1.5,0,5
6.0,2.0,1,1
6.0,3.0,0,1
5.0,2.0,1,2
6.0,2.0,1,1
7.5,4.5,1,0
5.0,6.0,1,0
4.0,4.0,1,1
5.0,2.0,0,1
6.0,3.0,1,4
8.0,2.0,1,1
5.0,4.0,0,2
3.0,1.0,0,3
3.0,4.0,1,1
6.0,4.0,1,1
4.0,0.0,0,3
5.0,3.5,1,0
5.0,2.0,1,1
0.3403647714052494,7.319270457189501,0,0
1.0,2.0,1,0
5.0,4.0,1,0
7.376603214101964,4.458867738033988,1,0
1.3643632901746015,1.0,1,0
0.07964052251862079,2.6017973874068963,0,0
4.0,4.0,1,0
4.0,2.0,1,0
2.0,7.511706833194901,0,0
0.0,9.029171379631265,0,0
0.0,2.0,1,0
1.0,2.0,1,0
5.588351861822167,4.0,1,0
7.9896655767792835,2.0,0,0
7.0,3.0,0,0
4.0,5.0,0,0
0.01258578194240595,1.0,0,0
2.0,6.679118273913463,1,0
7.0,3.0,0,0
0.0,2.0,1,0
0.0,8.0,0,0
0.0,8.0,0,0
8.372313720498946,2.372313720498946,0,0
0.0,2.0,1,0
4.830903764603975,8.0,1,0
5.0,4.0,1,0
1.0,1.0380105415839473,1,0
4.0,5.0,1,0
3.8582949253267778,2.0,0,0
5.0,1.5590558855960195,0,0
8.0,1.3522102041444286,0,0
0.0,8.789775928963643,0,0
5.0,0.77960864163402,0,0
5.0,2.0,1,0
5.0,6.0,1,0
2.0,6.150392674241019,1,0
3.0,6.0,1,0
6.3673333731396875,7.3673333731396875,0,0
4.0,2.0,1,0
7.0,3.0,0,0
4.0,5.0,0,0
2.1908360458112224,6.0,1,0
1.293980480043838,1.0,1,0
3.2406328209298527,2.0,0,0
6.0,6.851324426832996,0,0
4.0,5.0,1,0
0.0,3.4747882133860295,0,0
4.0,2.306829602846916,1,0
5.0,2.0,0,0
4.0,5.0,0,0
0.0,2.0,1,0
4.0,2.0,1,0
4.0,2.0,1,0
3.2393350820958196,2.8803324589520902,1,0
4.0,2.0,1,0
8.191884987106299,2.1918849871062998,0,0
2.0636811242204685,6.0,1,0
3.231228304048803,2.8843858479755986,1,0
4.0,2.0,1,0
4.0,2.0,1,0
0.32155929562851415,3.0,0,0
4.0,2.0,1,0
5.0,2.0,1,0
1.0,2.0,1,0
8.953472832333862,2.9534728323338615,0,0
7.0,3.0,0,0
5.055447208972943,7.944552791027057,1,0
4.0,6.0,1,0
8.0,1.1990756969340537,0,0
4.0,6.0,1,0
7.22748088380508,4.409160294601693,1,0
0.0017823184026521056,2.9910884079867395,0,0
7.190072176134173,2.0,0,0
4.0,6.0,1,0
1.5041780140963295,1.0,1,0
4.0,4.0,1,0
4.140563688555089,4.0,0,0
4.0,4.0,0,0
3.0,5.0,1,0
5.0,2.0,1,0
4.0,5.0,1,0
0.4950331531645085,1.0,0,0
5.210234320663993,7.789765679336007,1,0
5.0,2.0,0,0
7.0,3.0,0,0
0.2893220391217221,1.0,0,0
5.0,2.0,0,0
1.0,2.0,1,0
5.0,0.6569076166588177,0,0
3.0,6.0,1,0
4.0,2.0,1,0
4.0,2.0,1,0
5.0,4.0,1,0
0.31318930384560395,3.0,0,0
4.0,2.0,1,0
4.520306238698323,8.0,1,0
5.632343278221471,2.3161716391107356,1,0
0.4199850496008757,1.0,0,0
1.5458364475489947,1.0,1,0
8.0,2.0,0,0
1.0,1.1814560265657916,1,0
0.0,1.0,1,0
0.09090488327991253,2.4545244163995625,0,0
3.0,6.158646771785847,1,0
7.0,3.0,0,0
6.0,6.243174165887425,0,0
0.064046144215603,2.320230721078015,0,0
2.0691391831115515,6.0,1,0
2.0,7.127080038253735,0,0
1.0,2.0,1,0
5.0,0.5845278825597173,0,0
3.4673779914453475,2.766311004277326,1,0
2.0,1.2240507805966274,1,0
2.0,1.1455554842949436,1,0
4.789613555232841,8.0,1,0
4.0,5.0,0,0
4.0,2.0,0,0
5.0,4.0,1,0
8.0,2.0,0,0
0.09200470428587104,2.5399764785706447,0,0
0.25951361703605946,7.480972765927881,0,0
4.0,2.0,1,0
2.5989791554809534,6.0,1,0
4.0,2.0,0,0
4.0,2.2478132743831214,1,0
0.0,3.6931214702565494,0,0
7.0,3.0,0,0
1.0,2.0,1,0
4.0,4.0,1,0
0.0,1.0,1,0
2.0,7.2012547274446606,0,0
4.0,5.0,0,0
3.0,5.0,1,0
0.005120709286293723,2.025603546431469,0,0
0.0,2.0,1,0
5.0,4.0,1,0
5.0,2.0,1,0
0.0,1.0,1,0
3.0,5.0,1,0
0.0,8.0,0,0
0.0,8.990668374806642,0,0
5.0,2.0,0,0
8.0,2.0,0,0
2.0,2.0,0,0
1.0,2.0,1,0
7.0,3.0,0,0
4.0,2.0,0,0
1.0,1.109310362673499,1,0
2.0,6.630782770262117,1,0
6.052597275819021,7.052597275819021,0,0
2.0,6.9343907745724955,1,0
3.8976783107422657,2.551160844628867,1,0
4.0,2.0,1,0
4.0,2.0,1,0
2.512866268093788,6.0,1,0
5.0,4.0,1,0
4.0,2.0,0,0
3.0,6.40726292047276,1,0
3.2719782043090215,2.864010897845489,1,0
0.014843865774278354,2.9257806711286083,0,0
8.969695829405595,2.969695829405595,0,0
5.0,3.0303722079239304,1,0
1.0,1.1306491739647593,1,0
2.0,7.89043539569439,0,0
5.62167300433853,4.0,1,0
3.0,6.0,1,0
4.0,5.0,1,0
5.0,2.0,0,0
5.0,0.8307404868868424,0,0
7.0,3.0,0,0
0.05808627476668515,2.290431373833426,0,0
1.8931344953314493,1.0,1,0
4.0,2.0,1,0
3.5197517077112073,2.7401241461443964,1,0
5.0,1.2962341178657577,0,0
0.27213547450095077,1.0,0,0
0.0,3.961333479870433,0,0
4.0,5.0,0,0
4.867594752598903e-05,2.00024337973763,0,0
0.0,1.0,1,0
5.0,0.7508630608458071,0,0
0.4696651520425214,1.0,0,0
8.0,1.4749184695749225,0,0
3.0,6.19567047743009,1,0
5.0,6.0,1,0
2.0,6.537226476305435,1,0
5.0,4.0,1,0
5.0,3.4094664294169466,1,0
4.0,5.0,0,0
8.0,1.215945632577252,0,0
4.0,2.0,1,0
3.7966902388813617,2.0,0,0
1.41468960728805,1.0,1,0
0.2276774835366019,1.0,0,0
4.0,5.0,1,0
4.0,2.0,1,0
0.0,2.0,1,0
4.0,6.0,1,0
3.0,6.0,1,0
4.0,5.0,1,0
4.0,6.0,1,0
4.0,4.0,0,0
5.0,4.0,1,0
0.7296387119201899,1.0,0,0
4.0,4.0,1,0
4.0,4.0,0,0
4.0,4.0,1,0
0.0,8.0,0,0
4.0,2.0,1,0
5.0,2.0,1,0
8.0,1.404342245066696,0,0
4.0,4.0,0,0
0.4241077477349983,1.0,0,0
8.670145239620496,2.6701452396204957,0,0
1.0482268538516744,1.0,1,0
0.0,1.0,1,0
4.0,5.0,1,0
2.0,2.0,0,0
4.0,2.0,1,0
0.0,8.694807554155819,0,0
4.0,5.0,1,0
3.0,6.309496364696473,1,0
1.0,2.0,1,0
4.658965434572604,8.0,1,0
5.0,2.0,1,0
0.0,3.517414896149758,0,0
3.0,6.0,1,0
5.193714126757278,7.806285873242722,1,0
2.0,7.195608919330706,0,0
8.85229956389749,2.852299563897491,0,0
5.0,1.9934535770806974,0,0
4.0,2.0,1,0
0.0,1.0,1,0
1.0,2.0,1,0
0.006192919793340079,2.9690354010332998,0,0
5.0,1.7040354417782195,0,0
2.0,6.039020347022117,1,0
5.287849052097661,7.712150947902339,1,0
6.0,6.663081322320735,0,0
4.0,4.0,0,0
4.819654830771652,8.0,1,0
0.9216420655388584,1.0,0,0
3.0,6.0,1,0
0.0,2.0,1,0
6.0,6.5098611302849,0,0
4.0,2.0,1,0
7.005448532254181,4.3351495107513935,1,0
4.0,4.0,1,0
0.0,3.8563990149194174,0,0
8.849079709159522,2.849079709159523,0,0
5.0,2.0,0,0
5.788718116203638,4.0,1,0
3.0865423223572916,2.956728838821354,1,0
5.612742582468782,2.306371291234391,1,0
4.893403414022116,8.0,1,0
0.28567835102856876,7.4286432979428625,0,0
2.0,2.0,0,0
3.0,5.0,1,0
3.0200628508951115,2.0,0,0
2.0,1.8918017713309079,1,0
1.0,1.061051465701276,1,0
0.0,8.0,0,0
0.04924763237765829,2.7537618381117084,0,0
4.0,5.0,1,0
5.0,6.0,1,0
7.10620815853049,2.0,0,0
3.2012588782467843,2.8993705608766076,1,0
5.122635994669359,4.0,1,0
3.0,6.0,1,0
8.0,2.0,0,0
4.0,6.0,1,0
4.0,2.0,1,0
4.686171614455653,8.0,1,0
3.0,6.0,1,0
1.7691222470864383,1.0,1,0
0.048066202078852795,2.240331010394264,0,0
3.3433334451764454,2.8283332774117773,1,0
4.0,5.0,1,2
0.0,5.059970180377626,1,2
3.0,5.182350621223272,1,2
0.0,4.0,0,2
4.0,4.0,1,2
6.627167953710077,7.372832046289923,1,2
6.0,3.0,0,2
7.0,2.0,0,2
4.0,3.0,1,2
5.0,3.0,0,2
0.0,5.401156623071508,1,2
1.0,0.0,1,2
3.0,1.0,1,2
5.0,4.0,1,2
3.0,0.5182380282962844,1,2
0.0,2.0,0,2
1.0,3.0,1,2
3.0,3.0,0,2
0.0,4.0,1,2
2.0,3.0,1,2
2.0,1.0,0,2
3.0,3.0,0,2
0.43638164429908344,5.0,0,2
4.0,5.0,1,2
4.0,5.382992780285526,0,3
6.0,2.0,0,3
0.26875599624708274,1.0,0,3
2.0,2.0,1,3
3.6639177986466027,6.0,1,3
4.0,3.0,1,3
5.0,4.0474188657295604,1,3
4.0,2.0,1,3
3.0,3.0,0,3
2.0,3.0,1,3
0.9240367196806045,3.0,0,3
3.0,3.0,0,3
5.0,1.0,0,3
6.0,2.0,0,3
2.0,2.0,0,3
7.0,2.0,0,3
1.3226825343412218,0.0,1,3
1.0,3.0,1,3
2.0,1.0,0,3
2.0,4.0,0,3
6.029607585716713,0.0,0,3
2.0,4.611520162723744,0,3
2.0,2.0,0,3
3.8088449153323753,1.0,0,3
3.0,4.0,0,3
1.0,1.0,1,3
3.0,3.0,0,3
4.0,2.0,0,3
5.482296666987846,5.0,1,3
0.0,0.5970390142569666,1,3
0.6769800506007412,0.0,1,3
2.4114253978433045,3.0,1,3
0.3056092396856374,1.0,0,3
6.0,2.0,1,3
1.0,2.0,1,3
4.0,3.0,1,3
3.0,3.0,0,3
4.0,2.0,1,3
3.0,3.0,0,3
5.0,1.0,0,3
1.0,0.0,0,3
5.0,3.0,0,3
2.0,5.426885292221625,0,3
2.0,2.0,1,3
3.0,5.0,1,3
6.0,4.0,1,3
3.0,2.0,1,3
1.0,3.802029737067152,0,3
5.0,4.0,0,3
3.0,2.0,1,3
3.0,4.0,0,3
5.0,5.0,0,3
5.0,3.0,1,3
2.0,4.9786536629638505,1,3
2.0,2.0,0,3
4.0,3.0,1,3
3.0,2.0,1,3
4.0,2.0,0,3
2.0,4.237133852872051,1,3
2.0,3.0,1,3
1.0,1.0,1,3
2.5887318491147924,3.0,1,3
3.0,1.0,1,3
2.0,3.8879636779708155,1,3
4.0,3.0,1,3
3.0,2.0,1,3
1.0,3.0,1,3
4.0,5.0,0,3
1.0,3.0,1,3
5.0,4.176822034125995,1,3
1.0,3.0,1,3
1.0,0.0,0,3
5.0,3.0,1,3
3.0,2.0,0,3
3.0,0.0,0,3
2.1081788021717407,6.0,0,3
3.0,4.0,0,3
4.0,2.0,1,3
5.553494546671105,0.4465054533288948,0,3
1.0,2.0,0,3
4.0,2.0,1,3
3.0,2.0,0,3
0.0,0.0,0,3
0.0,2.0,0,3
1.0,3.0,1,3
5.0,3.692208282461974,1,3
4.0,2.0,1,3
2.0,3.767946771729536,1,3
5.0,3.0,0,3
2.0,3.0,1,3
0.49900653003519946,3.356433235739428,1,3
0.0,6.544640878255461,1,3
2.668595541727594,4.0,1,3
6.0,2.0,0,3
0.0,2.0,0,3
2.0,1.0,0,3
5.0,1.0,0,3
3.0,1.0,0,3
5.0,3.1687102574180375,1,3
2.0,2.0,0,3
6.0,2.0,1,3
3.0,6.0,1,3
7.0,2.0,0,3
2.0,2.0,1,3
4.0,2.0,0,3
5.0,1.0,0,3
0.6230485248474611,3.0,0,3
2.0,3.0,1,3
2.0,4.501613335836721,1,3
0.0,1.5642332180392686,1,3
4.0,3.0,0,3
1.0,3.0,0,3
1.0,2.0,1,3
2.0,2.0,1,3
2.0,4.639573120891286,0,3
3.0,2.0,1,3
0.14092603181920654,1.0,0,3
5.0,2.8227446362036495,1,3
5.0,4.748714945185753,1,3
4.0,5.860724696455371,0,3
3.0,2.0,1,3
0.0,3.4341374503091293,0,3
6.0,4.0,1,3
6.050405577814129,0.0,0,3
3.0,2.0,0,3
4.0,3.0,1,3
2.0,1.0,0,3
3.0,2.0,1,3
5.0,3.0,0,3
2.0,3.2127689445134946,1,3
1.0,3.0,0,3
0.5447449508523643,3.0,0,3
2.0,1.0,0,3
7.411601706645978,2.0,1,3
2.0,2.0,0,3
5.0,1.0,0,3
4.0,2.0,1,3
2.0,1.0,1,3
4.0,2.0,0,3
3.0,3.0,0,3
4.0,5.0,0,3
0.0,2.0,0,3
6.0,2.0,0,3
3.0,1.0,0,3
6.0,2.0,0,3
0.0,8.0,1,3
6.0,2.0,1,3
3.0,3.0,0,3
2.0,5.575702343720067,0,3
6.0,4.0,1,3
2.0,2.0,0,3
4.0,2.0,1,3
4.0,4.0,0,3
4.0,2.0,0,3
0.147741848895863,1.0,0,3
5.0,3.0,1,3
3.0,1.0,0,3
5.0,3.0,1,3
4.0,2.0,1,3
5.0,4.48258163025509,1,3
5.735305599502429,5.0,1,3
3.0,6.0,1,3
5.0,3.0,0,3
4.0,2.0,1,3
2.0,2.0,0,3
3.0,4.0,0,3
2.0,2.0,0,3
2.0,2.0,0,3
3.849617225517587,4.0,1,3
3.0,4.0,0,3
6.0,2.0,1,3
4.0,3.0,1,3
0.7061948649943763,3.4896752250093726,1,3
3.0,2.0,1,3
3.953966958499147,6.0,1,3
4.0,2.0,1,3
2.0,1.0,0,3
6.92699159031421,0.0,0,3
2.0,1.0,0,3
2.0,2.0,1,3
1.0,2.0,0,3
0.0,0.871002005219838,1,3
2.0,1.0,0,3
0.0,1.0,0,3
4.0,4.0,0,3
6.0,4.0,1,3
2.0,4.0,0,3
3.0,3.0,0,3
2.0,3.0,0,3
2.0,0.0,0,4
4.0,2.0,0,4
6.0,2.0,0,4
4.476013165511687,3.0,0,4
5.0,2.0,1,4
0.0,0.0,0,4
2.0,2.0,0,4
1.0,3.0,1,4
2.0,3.0,0,4
4.0,3.0,0,4
4.613154578082209,1.0,0,4
2.0,1.0,0,4
3.0,2.0,0,4
4.405319931098295,1.0,0,4
3.0,0.0,0,4
3.0,2.0,0,4
4.0,2.0,0,4
6.0,2.0,0,4
5.0,3.0,1,4
4.0,3.0,0,4
0.0,4.0,0,4
4.0,2.0,0,4
3.0,3.0,0,4
4.508157089735946,4.0,0,4
1.0,3.0,0,4
0.0,1.0,0,4
4.0,4.0,1,4
3.6245607524380117,1.0,1,4
4.0,2.0,1,4
0.0,0.0,0,4
5.288962006789502,0.7110379932104975,1,4
5.0,2.0,1,4
0.0,1.0,0,4
0.543960942393876,0.0,0,4
5.0,3.0,1,4
0.0,0.0,0,4
3.0,1.1623842551381902,1,4
6.0,3.0,0,4
6.0,2.0,0,4
2.8650812774676013,1.0,0,4
5.0,0.9790703454838688,0,4
3.292956504310857,1.0,0,4
0.0,3.0,0,4
0.0,3.0,0,4
3.0,0.0,0,4
4.0,2.0,1,4
2.0,1.0,1,4
2.0,2.0,0,4
4.0,4.0,1,4
2.0,6.0,0,4
2.0,3.0,0,4
2.0,2.0,0,4
4.267239394984285,1.0,0,4
3.0,1.0,1,4
2.0,1.0,0,4
3.5095009481161004,1.0,1,4
1.0,3.367807935567245,1,4
4.267004980162008,1.0,1,4
2.0,5.0,1,4
2.0,2.0,0,4
3.594118677632439,1.0,0,4
2.0,5.0,1,4
3.304408971707926,4.0,0,4
0.8562118094812079,2.0,0,4
0.0,5.85811422605143,0,4
3.0,4.0,0,4
0.0,0.0,0,4
1.0,3.6982475865158513,1,4
3.0,2.0,0,4
2.0,1.0,0,4
3.0,3.0,0,4
2.0,3.0,0,4
3.0,1.0,1,4
0.0,1.0,0,4
2.0,3.0,0,4
2.0,5.0,1,4
2.0,3.0,0,4
2.0,1.0,0,4
2.0,1.0,0,4
0.0,2.0,0,4
7.680729542810499,2.6807295428104987,0,4
3.0,1.7366342169492759,1,4
3.0,1.4577193864642042,1,4
0.917735476067976,0.0,0,4
2.0,1.0,0,4
0.0,3.0,0,4
2.0,2.0,0,4
0.0,1.0,0,4
2.0,1.0,1,4
2.0,1.0,0,4
2.0,3.0,0,4
4.0,2.0,1,4
1.0,3.0,0,4
4.0,2.0,1,4
0.0,2.0,1,4
0.0,0.0,0,4
1.0,3.0,1,4
5.0,2.0,1,4
5.926472938134426,3.0,1,4
0.0,4.0,0,4
4.0,2.0,1,4
2.0,6.0,0,4
2.0,2.0,0,4
4.0,3.0,0,4
6.169096235396025,2.0,0,4
0.7602078104355278,1.0,1,4
3.0,5.190052707919737,1,4
2.0,1.0,1,4
0.9645737313316944,2.0,0,4
0.0,1.0,0,4
2.0,3.0,0,4
4.394887964481821,1.0,0,4
3.0,0.0,0,4
0.0,2.0,1,4
0.0,1.0,0,4
3.1503926742410187,4.0,0,4
2.0,1.0,0,4
0.7806111144283072,2.0,0,4
4.0,2.0,0,4
2.0,6.270505656035492,0,4
3.0,0.0,0,4
0.0,3.0,0,4
2.0,2.0,0,4
4.0,2.0,1,4
4.148675573167004,1.0,0,4
2.0,2.0,0,4
2.0,1.0,0,4
2.0,1.0,0,4
2.0,2.0,0,4
0.0,2.0,0,4
2.0,1.0,0,4
3.0,3.034174184755515,0,4
0.0,1.0,0,4
4.7606649179041804,4.0,0,4
2.0,2.0,0,4
6.0,2.0,0,4
1.0,3.0,1,4
2.768771695951197,6.0,1,4
2.0,3.0,0,4
1.0,2.0687434739888872,1,4
2.0,6.321559295628514,0,4
4.0,2.0,0,4
2.0,5.0,1,4
4.0,3.0,0,4
2.0,3.0,0,4
0.0,1.0,0,4
2.0,5.0,1,4
3.0,2.0,0,4
4.0,2.0,0,4
4.0,2.0,1,4
2.0,3.0,0,4
4.982176815973479,2.0,0,4
2.0,1.0,0,4
2.0,0.0,0,4
4.50417801409633,2.0,0,4
3.0,3.1995087944308476,0,4
3.0,3.0,0,4
6.0,3.0,0,4
0.0,1.0,0,4
4.0,3.0,0,4
3.945282622918058,4.0,0,4
4.0,2.0,1,4
6.0,2.0,0,4
4.0,3.0,0,4
0.0,1.0,0,4
0.0,2.0,1,4
1.0,3.0,1,4
2.0,0.0,0,4
2.0,0.0,0,4
3.0,1.0,1,4
2.0,5.0,1,4
6.0,3.0,0,4
3.0,4.0,0,4
1.0,3.0,0,4
4.0,3.0,0,4
0.0,5.479693761301677,0,4
2.0,1.0,1,4
2.0,2.0,0,4
0.0,1.0,0,4
7.6786341612178015,2.6786341612178015,0,4
2.9072801328289586,6.0,1,4
4.0,3.0,0,4
3.0,2.0,0,4
3.0,3.0,0,4
3.0,5.680735767230638,1,4
0.0,1.0,0,4
4.0,4.0,1,4
3.0,2.0,0,4
6.0,2.0,0,4
2.0,3.0,0,4
0.0,3.0,0,4
2.5326220085546525,6.0,1,4
0.0,2.0,0,4
0.0,2.0,1,4
5.0,2.0,1,4
3.0,0.0,0,4
0.8027713007241954,2.0,0,4
0.0,2.0,1,4
0.0,4.0,0,4
4.0,2.0,0,4
1.0,3.0,0,4
4.0,2.0,0,4
0.0,1.0,0,4
4.0,3.0,0,4
4.0,3.0,0,4
2.6931214702565494,1.0,0,4
2.0,3.0,0,4
4.0,4.0,1,4
3.0,1.0,1,4
4.0,4.0,1,4
5.0,2.0,1,4
2.0,3.0,0,4
3.770030834750967,4.0,0,4
4.0,4.0,1,4
1.0,3.0,0,4
4.87715224809623,5.87715224809623,1,4
3.0,3.0,0,4
2.0,1.0,0,4
2.0,5.0,1,4
6.0,2.0,0,4
0.0,1.0,0,4
1.0,2.0692244618882922,1,4
4.0,3.0,0,4
2.0,6.078668206479158,0,4
2.0,3.0,0,4
1.0,3.0,1,4
0.0,1.0,0,4
0.0,0.0,0,4
1.0,3.0,1,4
3.0,2.0,0,4
6.0,2.0,0,4
4.0,2.0,1,4
2.0,3.7360690109051293,0,4
2.0,1.0,0,4
4.0,2.0,1,4
0.8886192020179835,2.0,0,4
0.0,3.0,0,4
4.0,2.0,1,4
2.0,1.0,1,4
5.0,2.0,1,4
0.0,1.0,0,4
2.0,2.0,0,4
2.0,1.0,0,4
2.0,3.0,0,4
0.0,3.0,0,4
3.0,0.0,0,4
1.0,3.0,0,4
2.0,1.0,0,5
2.0,0.0,0,5
5.0,2.0,1,5
5.624560752438012,2.0,0,5
2.0,3.0,0,5
5.0,2.0,0,5
6.577924013579005,2.0,0,5
1.0,0.5567687876093381,0,5
0.0,1.0,0,5
3.0,2.0,0,5
3.0,2.0,0,5
4.0,3.0,0,5
0.0,1.0,0,5
3.0,2.0,0,5
1.0,0.8908638711359228,0,5
3.0,2.0,0,5
2.0,2.0,0,5
6.585913008621714,2.0,0,5
2.0,0.0,0,5
5.0,2.0,0,5
4.0,2.0,0,5
4.598876037889404,5.401123962110596,0,5
3.0,2.0,0,5
2.0,2.0,0,5
2.0,1.3367229529838718,1,5
4.0,1.4028643037183925,0,5
0.0,1.0,0,5
4.0,3.0,1,5
3.0,2.0,0,5
5.0,2.0,1,5
5.0,2.0461952658323375,1,5
2.0,1.0,0,5
0.0,1.0,0,5
4.0,3.0,0,5
0.0,1.0,0,5
4.0,2.0,0,5
5.0,2.0,1,5
4.0,3.0,1,5
5.0,2.0,1,5
0.0,2.0,0,5
2.0,2.0,0,5
8.0,1.693864959218838,0,5
2.0,1.0,0,5
1.0,0.8491237932579258,0,5
4.0,2.0,0,5
0.0,2.0,0,5
3.0,2.0,0,5
0.0,1.0,0,5
4.0,1.0947131207352645,0,5
3.0,2.7056695587036286,0,5
0.0,1.0,0,5
0.0,1.0,0,5
3.0,2.0,0,5
4.0,3.0,0,5
4.0,3.0,1,5
5.014266985309453,7.014266985309453,0,5
5.680729542810499,3.6807295428104987,0,5
2.0,2.0,0,5
0.0,1.0,0,5
7.835470952135952,2.0,0,5
8.0,1.271273419650797,0,5
5.2035947748137925,2.0,0,5
8.090504989138383,2.0,0,5
4.0,1.0,0,5
3.0,2.0,0,5
2.0,1.0,0,5
3.0,2.0,0,5
5.577304225005757,7.577304225005757,0,5
3.0,2.0,0,5
4.0,3.0,0,5
1.0,0.5142059283566258,0,5
1.0,0.35066325704675805,0,5
2.0,1.0,0,5
0.0,1.0,0,5
4.0,3.0,1,5
0.0,1.0,0,5
1.0,0.055703158352026605,0,5
4.0,3.0,0,5
5.0,2.0,1,5
2.0,0.43839309463984333,1,5
2.0,2.0,0,5
4.0,3.0,1,5
4.0,3.0,1,5
0.0,1.0,0,5
4.0,3.0,0,5
1.0,0.7204720572019903,0,5
3.0,2.0,0,5
0.0,1.0,0,5
4.0,1.22039135836598,0,5
2.0,2.0,0,5
4.0,3.0,1,5
5.0,2.0,1,5
1.2544665354944544,8.0,1,5
5.0,2.0,1,5
3.0,0.0,0,5
5.0,2.0,0,5
1.0,0.7063203837693972,0,5
2.0,3.0,0,5
5.0,1.706019519956162,1,5
8.0,0.4812656418597059,0,5
5.0,2.0,1,5
3.0,2.1758977107414132,0,5
6.949576426772059,2.0,0,5
3.0,2.0,0,5
5.18176158146985,4.81823841853015,0,5
4.0,2.0,0,5
0.8082704078916083,7.616540815783217,1,5
0.0,2.0,0,5
4.0,1.0,0,5
4.0,1.1196675410479098,0,5
0.0,1.0,0,5
3.0,2.0,0,5
4.0,3.0,1,5
3.0,0.0,0,5
5.0,2.410314551296473,1,5
2.0,0.13748694797777417,1,5
8.643118591257029,2.0,0,5
4.0,2.0,0,5
2.0,2.0,0,5
3.0,2.0,0,5
4.0,1.0,0,5
4.0,3.0,1,5
4.0,1.4722763955135287,0,5
3.0,2.0,0,5
4.0,2.0,0,5
3.0,2.0,0,5
0.0,1.0,0,5
4.0,3.0,0,5
5.0,2.0,1,5
2.0,0.5218717978245897,1,5
5.0,2.0,1,5
0.0,0.8004912055691525,0,5
2.0,3.0,0,5
2.0,2.0,0,5
7.125462317104673,2.0,0,5
7.1567649818748205,2.0,0,5
0.0,2.0,0,5
0.0,2.0,0,5
5.0,1.7897656793360066,1,5
1.2753132187948983,8.0,1,5
1.2822599954566636,8.0,1,5
4.0,1.0,0,5
3.0,2.0,0,5
5.807478319748021,2.0,0,5
4.627630466635271,5.372369533364729,0,5
0.0,1.0,0,5
0.0,2.0,0,5
0.0,1.0,0,5
4.0,1.2169998075074533,0,5
0.0,1.0,0,5
0.0,2.0,0,5
2.0,0.0,0,5
4.0,2.0,0,5
1.0,0.4199850496008757,0,5
9.09167289509799,2.0,0,5
1.6786341612178013,8.0,1,5
0.0,2.0,0,5
9.879124135728828,2.0,0,5
0.0,0.09095116720087482,0,5
3.0,2.0,0,5
2.0,2.0,0,5
4.0,1.1215870829437127,0,5
2.0,1.0,0,5
9.861721633776897,2.0,0,5
3.0,2.0,0,5
5.0,2.0,1,5
2.0,0.0,0,5
5.0,2.5326220085546525,1,5
3.0,0.0,0,5
1.0,0.9272222578525282,0,5
2.0,1.0,0,5
0.0,2.0,0,5
2.0,1.0,0,5
0.0,1.0,0,5
2.0,2.0,0,5
4.0,3.0,0,5
2.0,1.0,0,5
2.0,1.5404463299898161,1,5
4.0,2.0,0,5
2.0,0.0,0,5
3.0,2.0,0,5
4.0,3.0,0,5
4.0,1.2293235098254436,0,5
3.0,2.0,0,5
2.0,2.0,0,5
2.0,2.0,0,5
5.0,1.798745272555339,1,5
2.0,0.0,0,5
0.0,1.0,0,5
3.0,2.0,0,5
0.028463806171351802,6.056927612342704,1,5
0.0,2.0,0,5
2.0,3.0,0,5
3.0,2.0,0,5
5.0,2.0,1,5
0.0,1.0,0,5
1.0,0.7476670937016605,0,5
5.0,1.1384489237765847,1,5
0.0,1.0,0,5
3.0,0.0,0,5
2.0,1.0,0,5
1.0,0.6477821013680283,0,5
0.0,2.0,0,5
3.0,2.0,0,5
3.0,0.0,0,5
2.0,2.0,0,5
2.0,0.0,0,5
2.0,1.1023216892577343,1,5
2.0,0.0,0,5
2.0,1.0,0,5
2.0,1.0,0,5
0.0,2.0,0,5
0.0,1.0,0,5
0.0,1.0,0,5
2.0,2.0,0,5
0.0,1.0,0,5
2.0,3.0,0,5
1.0,0.46962779207606964,0,5
9.306491739647592,2.0,0,5
2.0,3.0,0,5
2.0,1.62167300433853,1,5
2.0,2.0,0,5
1.0,0.8327118439597306,0,5
4.0,3.0,0,5
0.0,1.0,0,5
5.0,2.0,1,5
2.0,0.0,0,5
1.8931344953314493,8.0,1,5
2.0,1.0,0,5
4.0,1.0,0,5
1.0,0.1481170589328788,0,5
1.0,0.7278645254990492,0,5
0.0,1.0,0,5
1.0,0.29950151244425044,0,5
4.0,3.0,0,5
0.0,2.0,0,5
0.0,1.0,0,5
5.0,2.0,0,5
3.0,2.0,0,5
3.0,0.0,0,5
1.3279973162078564,8.0,1,5
3.0,2.0,0,5
4.0,1.0,0,5
3.0,2.0,0,5
4.0,1.3237910886661628,0,5
4.0,2.0,0,5
4.0,1.0229308427327524,0,5
2.0,3.0,0,5
0.0,2.0,0,5
7.089290065853593,2.0,0,5
2.0,0.7384515305314945,1,5
4.0,3.0,0,5
1.0,0.46364558677607504,0,5
2.0,1.0,0,5
4.0,3.0,1,5
2.0,1.2271971781910913,1,5
3.0,2.0,0,5
3.0,2.0,0,5
0.0,2.0,0,5
5.0,1.5407225761596202,1,5
4.0,2.0,0,5
0.0,1.0,0,5
5.0,1.1871147222906462,1,5
4.0,2.0,0,5
4.0,3.0,1,5
5.239816684298131,7.239816684298131,0,5
5.0,1.8086844901333918,1,5
1.4238745875881247,8.0,1,5
7.6964309909399935,2.0,0,5
3.0,2.0,0,5
4.0,3.0,0,5
2.0,2.0,0,5
0.0,0.7781735271559485,0,5
0.0,1.0,0,5
0.0,0.21365686845063014,0,5
1.0,0.32629811146104526,0,5
3.0,2.0,0,5
1.381007270607053,8.0,1,5
4.0,3.0,0,5
3.0,2.0,0,5
2.0,2.0,0,5
8.0,0.9651702077004838,0,5
6.951956403432022,2.0,0,5
2.0,2.0,0,5
2.0,2.0,0,5
4.0,3.0,0,5
8.0,1.9869071541613947,0,5
3.0,2.0,0,5
5.0,2.0,1,5
4.0,1.0,0,5
3.0,0.0,0,5
2.0,2.0,0,5
2.0,1.0390203470221167,1,5
4.0,2.0,0,5
2.0,1.3369186776792654,1,5
5.0,2.0,1,5
2.0,3.0,0,5
2.0,2.0,0,5
3.0,2.0,0,5
4.0,2.0,0,5
2.0,2.0,0,5
0.0,1.0,0,6
5.0,3.4204211022191084,1,6
1.977940341357082,0.9558806827141642,1,6
0.0,2.0,0,6
2.0,2.7149460851719334,1,6
0.0,2.0,0,6
4.0,4.0,0,6
4.0,0.18774367669791425,0,6
3.0,2.0,0,6
0.0,0.0,0,6
6.62437232963369,1.37562767036631,0,6
0.0,0.0,0,6
0.0,0.0,0,6
0.0,1.0,0,6
0.0,0.0,0,6
3.8093840286573863,0.0,0,6
4.0,4.0,0,6
5.0,3.1001122840077353,1,6
0.0,2.0,0,6
5.0,3.0213463370361495,1,6
2.0,1.214898684271183,1,6
7.817417449726171,0.18258255027382897,0,6
0.0,2.0,0,6
4.0,4.0,0,6
4.0,2.0,1,6
2.0,1.0,0,6
3.0,2.0,0,6
0.0,0.0,0,6
4.0,2.0,1,6
0.0,1.0,0,6
5.0,3.21297768079622,1,6
4.0,2.0,1,6
2.0,1.0,0,6
6.109235856279573,1.890764143720427,0,6
6.355015251732368,1.6449847482676319,0,6
5.0,3.8231779658740046,1,6
5.0,3.381496118481202,1,6
4.0,2.0,1,6
4.0,2.0,1,6
1.7485789494053896,0.4971578988107793,1,6
0.0,2.0,0,6
3.8918211978282593,0.0,0,6
0.0,2.0,0,6
4.0,2.0,1,6
0.0,1.0,0,6
2.0,2.148366943249904,1,6
0.0,2.0,0,6
4.0,2.0,1,6
4.0,4.0,0,6
0.0,0.0,0,6
0.14368579759205502,0.0,0,6
2.0,1.0,0,6
6.114826309091462,1.8851736909085384,0,6
0.0,0.0,0,6
6.809887200140323,1.1901127998596768,0,6
4.0,2.0,1,6
5.0,3.2871335285211436,1,6
0.0,1.0,0,6
3.331404458272406,0.0,0,6
4.0,4.0,0,6
0.0,2.0,0,6
0.0,2.0,0,6
2.0,1.0,0,6
0.0,0.0,0,6
0.0,1.0,0,6
4.0,4.0,0,6
4.0,0.24263721998697496,0,6
5.0,3.407294701343646,1,6
0.0,0.0,0,6
6.511985436679756,1.4880145633202444,0,6
4.0,0.6209463838458606,0,6
3.9555263538246344,0.0,0,6
0.0,1.0,0,6
2.0,1.0,0,6
4.0,0.49838666416327904,0,6
3.4357667819607314,0.0,0,6
6.700766867467492,1.2992331325325075,0,6
5.0,3.48928621192291,1,6
4.0,4.0,0,6
0.0,1.0,0,6
4.0,2.0,1,6
4.0,2.0,1,6
6.718147936361587,1.281852063638413,0,6
6.354510727592701,1.6454892724072991,0,6
0.0,1.0,0,6
4.0,0.8607246964553714,0,6
2.0,1.0,0,6
0.4341374503091291,0.0,0,6
0.0,1.0,0,6
4.0,0.9495944221858711,0,6
1.615877493501138,0.23175498700227593,1,6
0.0,0.0,0,6
1.9046785281271796,0.8093570562543593,1,6
3.0,2.0,0,6
0.0,2.0,0,6
4.0,0.7872310554865054,0,6
2.0,2.0765394941554165,1,6
3.0,2.0,0,6
0.0,2.0,0,6
7.205800853322989,0.794199146677011,0,6
1.867212095605343,0.7344241912106864,1,6
2.0,1.0,0,6
4.0,4.0,0,6
3.0,2.0,0,6
2.0,1.485010505257661,1,6
5.0,3.1104543371623707,1,6
1.7415001319186625,3.2584998680813375,0,6
0.0,2.0,0,6
0.0,0.0,0,6
3.0,2.0,0,6
0.0,0.0,0,6
4.0,0.8954726074593984,0,6
3.0,2.0,0,6
4.0,4.0,0,6
2.0,1.0,0,6
2.0,2.84859981347086,1,6
0.0,1.0,0,6
4.0,2.0,1,6
0.0,2.0,0,6
0.0,0.0,0,6
4.0,0.704516302208274,0,6
3.0,2.0,0,6
4.0,0.8965784445962185,0,6
0.0,2.0,0,6
2.0,2.3723170771809654,1,6
0.0,0.0,0,6
6.264694400497571,1.7353055995024296,0,6
6.913304011777041,1.0866959882229594,0,6
5.0,3.71982457255431,1,6
4.0,4.0,0,6
5.0,3.3616638144827915,1,6
1.8888427070068445,0.7776854140136891,1,6
2.0,2.118957774043306,1,6
2.0,1.0,0,6
4.0,4.0,0,6
4.0,4.0,0,6
6.0878410111335075,1.9121589888664925,0,6
0.06374350867456824,0.0,0,6
3.0,2.0,0,6
0.0,0.0,0,6
1.0460330415008527,3.953966958499147,0,6
0.0,0.0,0,6
0.0,2.0,0,6
3.0,2.0,0,6
0.0,2.0,0,6
0.0,2.0,0,6
2.0,1.3003678436027617,1,6
6.128997994780162,1.871002005219838,0,6
0.728305810284283,0.0,0,6
0.0,0.0,0,6
6.61864553449036,1.3813544655096393,0,6
5.0,3.4370547995797187,1,6
2.0,2.3472250882722436,1,6
3.234256727891079,0.0,0,6
2.0,1.0,0,6
1.745614740855789,3.254385259144211,0,6
0.12728398695920662,0.0,0,6
2.0,1.0,0,6
1.684006141868676,0.3680122837373523,1,6
4.0,4.0,0,6
0.0,1.0,0,6
3.0,2.0,0,6
4.0,4.0,0,6
2.0,1.0,0,6
0.0,1.0,0,6
1.647510591144656,0.29502118228931173,1,6
7.2668816250928625,0.733118374907137,0,6
3.0,2.0,0,6
4.0,0.8697817850947908,0,6
0.0,1.0,0,6
0.6054487815287132,0.0,0,6
0.0,1.0,0,6
0.0,1.0,0,6
6.53797197129211,1.4620280287078904,0,6
4.0,4.0,0,6
2.0,2.4068506322453485,1,6
7.233999951642387,0.7660000483576127,0,6
0.0,1.0,0,6
6.644780375649543,1.3552196243504568,0,6
0.9394673560334844,0.0,0,6
4.0,0.7464343629446939,0,6
2.0,1.0,0,6
0.0,1.0,0,6
3.0,2.0,0,6
7.286127291750405,0.7138727082495955,0,6
0.0,0.0,0,6
4.0,4.0,0,6
1.3427048792237861,3.657295120776214,0,6
6.705106329727738,1.2948936702722622,0,6
0.0,2.0,0,6
0.0,0.0,0,6
1.7040535272924875,0.408107054584975,1,6
0.0,1.0,0,6
3.0,2.0,0,6
2.0,1.0,0,6
3.0,2.0,0,6
4.0,2.0,1,6
0.0,1.0,0,6
6.52686633251283,1.4731336674871698,0,6
4.0,2.0,1,6
3.0,2.0,0,6
0.0,1.0,0,6
5.0,3.450068851973929,1,6
0.0,2.0,0,6
7.584868415456318,0.4151315845436817,0,6
4.0,4.0,0,6
4.0,4.0,0,6
0.0,2.0,0,6
0.0,0.0,0,6
3.3331183291691104,0.0,0,6
0.0,0.0,0,6
2.0,2.1914390918711835,1,6
3.4814567387029753,0.0,0,6
2.0,1.0,0,6
0.0,2.0,0,6
0.0,2.0,0,6
4.0,0.868300005341547,0,6
4.0,0.7441564422088632,0,6
6.056833553249694,1.9431664467503058,0,6
1.5826580996513466,0.16531619930269326,1,6
7.571516055891115,0.4284839441088849,0,6
1.9288387649079644,3.0711612350920356,0,6
4.0,4.0,0,6
0.0,0.0,0,6
3.534837861121511,0.0,0,6
4.0,0.6479168977896743,0,6
2.0,1.0,0,6
3.782433618495691,0.0,0,6
6.915414300148525,1.0845856998514753,0,6
0.8859197665866351,0.0,0,6
0.0,0.0,0,6
0.0,2.0,0,6
0.0,1.0,0,6
0.0,2.0,0,6
2.0,1.522782007062414,1,6
1.9351805785430773,3.0648194214569227,0,6
0.0,1.0,0,6
0.0,0.0,0,6
3.0,2.0,0,6
3.0,2.0,0,6
2.0,2.3748922381079938,1,6
0.33044957230154637,0.0,0,6
2.0,2.09879850088722,1,6
6.26645396660154,1.7335460333984591,0,6
4.0,4.0,0,6
4.0,4.0,0,6
0.0,2.0,0,6
6.103015093864616,1.8969849061353838,0,6
3.343622761442175,0.0,0,6
4.0,2.0,1,6
4.0,0.24744023405302107,0,6
0.0,1.0,0,6
4.0,4.0,0,6
6.563430646163649,1.4365693538363513,0,6
3.0,2.0,0,6
2.0,2.6580154810540977,1,6
6.623383077837581,1.3766169221624192,0,6
3.0,2.0,0,6
5.0,3.133042943916957,1,6
4.0,0.4588675090061327,0,6
5.0,3.595296267549805,1,6
3.0,2.0,0,6
1.1881512910595973,3.8118487089404027,0,6
4.0,4.0,0,6
4.0,4.0,0,6
6.041712060619492,1.9582879393805084,0,6
3.9892440741342883,0.0,0,6
1.762114621683269,0.524229243366538,1,6
0.0,0.0,0,6
1.6351127068025217,0.27022541360504326,1,6
3.2434833623769537,0.0,0,6
4.0,4.0,0,6
0.0,0.0,0,6
6.779501686520269,1.2204983134797314,0,6
0.0,0.0,0,6
4.0,0.2797331498537573,0,6
0.0,2.0,0,6
4.0,4.0,0,6
2.0,1.0,0,6
3.33755947284297,0.0,0,6
6.497648705163021,1.5023512948369793,0,6
0.0,2.0,0,6
0.0,0.0,0,6
1.512260474799577,0.024520949599154074,1,6
0.0,0.0,0,6
2.0,1.4542919187595058,1,6
3.685852253521099,0.0,0,6
5.0,3.41070768301593,1,6
1.9413196533443682,0.8826393066887365,1,6
0.0,2.0,0,6
3.4174918191778905,0.0,0,6
3.0,2.0,0,6
5.0,3.4721123277788264,1,6
2.0,1.0,0,6
6.73565535166712,1.2643446483328806,0,6
3.0,2.0,0,6
7.087475941399752,0.9125240586002472,0,6
6.263555686864826,1.7364443131351746,0,6
5.0,3.271085337327927,1,6
6.022009157303254,1.9779908426967459,0,6
2.0,2.8866510457828034,1,6
0.0,2.0,0,6
4.0,4.0,0,6
5.0,3.4244585033001194,1,6
4.0,2.0,1,6
4.0,0.2744129885638279,0,6
2.0,1.0,0,6
4.0,4.0,0,6
4.0,4.0,0,6
4.0,0.8984767032349278,0,6
0.0,0.0,0,6
0.0,1.0,0,6
3.9579950694648396,0.0,0,6
6.153573160746767,1.8464268392532337,0,6
0.0,1.0,0,6
0.0,0.0,0,6
3.0,2.0,0,6
3.0,2.0,0,6
1.885861080650605,3.114138919349395,0,6
4.0,0.7121816688350598,0,6
0.0,1.0,0,6
4.0,2.0,1,6
0.0,1.0,0,6
1.9894342993956868,3.010565700604313,0,6
2.0,1.0,0,6
0.0,1.0,0,6
6.810186315444026,1.1898136845559741,0,6
0.0,1.0,0,6
0.0,0.0,0,6
2.0,1.0,0,6
5.879488553707066,5.3517954214828265,0,7
7.373941066930147,5.949576426772059,0,7
5.386340794306168,2.6136592056938315,1,7
2.0,1.8182384185301506,0,7
2.0,2.7249527701843483,0,7
1.6165408157832166,3.1917295921083917,0,7
1.93165163048897,0.965825815244485,0,7
4.55959160846587,5.0,0,7
2.0,1.4786701641916395,0,7
4.734520826216861,5.0,0,7
4.6162300257874005,5.0,0,7
3.127362248440937,5.0,0,7
4.537543391902394,5.0,0,7
1.1793708974070536,3.410314551296473,0,7
9.312565260111128,6.725026104044452,0,7
1.3568814087429717,0.6784407043714858,0,7
1.9843813790304943,3.007809310484753,0,7
5.714248015184428,2.2857519848155716,1,7
4.76091275955885,2.76091275955885,0,7
3.093054335332277,5.0,0,7
0.6650718130444133,0.33253590652220666,0,7
3.110894417945885,5.0,0,7
2.0,2.2730340825095574,0,7
5.601848606131893,2.3981513938681074,1,7
1.8563693629272928,0.9281846814636464,0,7
0.36335882159322686,0.18167941079661343,0,7
5.017823184026521,2.982176815973479,1,7
2.0,2.6198556477316552,0,7
3.9562564043508206,5.0,0,7
4.008356028192659,5.0,0,7
2.0,1.399017588861695,0,7
2.0,1.2811273771101779,0,7
0.42591206448068997,3.7870439677596552,0,7
3.874537682895327,5.0,0,7
5.57838249093741,2.4216175090625898,1,7
5.945282622918058,2.054717377081942,1,7
5.009933693670983,2.990066306329017,1,7
4.579531358672013,5.0,0,7
2.0,1.5506264375897967,0,7
6.411299977283318,5.564519990913327,0,7
4.157288156486889,5.0,0,7
0.28667174433799913,3.8566641278310003,0,7
2.0,2.6149566394960413,0,7
4.313815233317635,2.3138152333176354,0,7
4.610340334734595,5.0,0,7
0.02525166071495999,3.98737416964252,0,7
9.75447013651222,6.901788054604888,0,7
4.132000769970187,5.0,0,7
2.0,2.373621392308792,0,7
3.5463781898965863,5.0,0,7
7.601531193491615,6.040612477396646,0,7
4.264686556442943,5.0,0,7
2.0,2.6799401984035027,0,7
0.9083271049020107,0.45416355245100537,0,7
3.6427316775643974,5.0,0,7
9.536400664144793,6.814560265657917,0,7
5.060437932135586,2.9395620678644145,1,7
2.0,1.1819023344017496,0,7
1.3654129128566141,3.317293543571693,0,7
5.319264232769362,2.6807357672306376,1,7
5.243174165887425,2.7568258341125746,1,7
4.64046144215603,2.6404614421560297,0,7
5.0691391831115515,2.9308608168884485,1,7
1.7458399234925304,0.8729199617462652,0,7
2.0,2.7807861003349745,0,7
4.169055765119435,2.1690557651194347,0,7
5.467377991445348,2.5326220085546525,1,7
5.224050780596627,2.7759492194033726,1,7
1.708889031410113,3.1455554842949436,0,7
0.42077288953431746,0.21038644476715873,0,7
0.15328373853780608,0.07664186926890304,0,7
2.0,2.577829594206436,0,7
2.0,1.9049999977013958,0,7
4.7862548628154125,2.7862548628154125,0,7
4.920047042858711,2.9200470428587106,0,7
3.961945531855762,5.0,0,7
0.919107340020368,0.459553670010184,0,7
4.197958310961907,5.0,0,7
2.0,1.801362438551431,0,7
3.9912530975324847,5.0,0,7
4.30687852974345,2.3068785297434506,0,7
4.541352980349113,2.541352980349113,0,7
1.8498538868055832,3.0750730565972084,0,7
2.0,1.0588983959395624,0,7
3.791589219793993,5.0,0,7
5.7987452725553394,2.201254727444661,1,7
2.0,2.270176295501853,0,7
0.4599383304980662,0.2299691652490331,0,7
3.1024141857258742,5.0,0,7
0.056927612342703604,0.028463806171351802,0,7
5.12284775190377,2.8771522480962304,1,7
2.0,2.5595749643327226,0,7
5.170977246299177,2.829022753700823,1,7
0.5709836554000789,3.7145081722999604,0,7
1.562128165262183,3.2189359173689085,0,7
2.0,2.009331625193358,0,7
5.8615510762234155,2.1384489237765845,1,7
4.778036552333978,2.778036552333978,0,7
4.921331793520842,2.9213317935208427,0,7
2.0,2.8860372640723826,0,7
4.704435797263943,2.7044357972639435,0,7
1.3878328909518176,0.6939164454759088,0,7
2.0,1.90689637326501,0,7
5.369217229737883,2.630782770262117,1,7
5.017532425273007,2.982467574726993,1,7
3.13121845085501,5.0,0,7
5.897678310742266,2.1023216892577343,1,7
8.680345054525647,6.472138021810259,0,7
2.0,1.851048315953323,0,7
3.9742674638124247,5.0,0,7
2.0,2.108953616143868,0,7
5.352832668171601,2.647167331828399,1,7
5.185474159054481,2.8145258409455196,1,7
0.5439564086180431,3.7280217956909785,0,7
4.148438657742783,2.1484386577427834,0,7
3.06060834118881,5.0,0,7
5.939255584152139,2.0607444158478607,1,7
0.6935082603524079,0.34675413017620393,0,7
9.45217697847195,6.7808707913887805,0,7
5.62167300433853,2.37832699566147,1,7
8.07960270479293,6.231841081917172,0,7
2.0,2.3308473758389225,0,7
3.4889818586123194,5.0,0,7
2.0,1.67703805245263,0,7
2.0,1.1969857675837243,0,7
5.419137252333148,2.5808627476668518,1,7
0.21373100933710143,3.8931344953314495,0,7
5.451745492536013,2.5482545074639873,1,7
7.401241461443964,5.9604965845775855,0,7
4.296234117865757,2.2962341178657577,0,7
3.911458101996197,5.0,0,7
0.07733304025913368,3.961333479870433,0,7
2.0,2.1980060497770015,0,7
5.00048675947526,2.99951324052474,1,7
4.0036271873710625,5.0,0,7
5.501726121691615,2.4982738783083858,1,7
4.0606696959149575,2.060669695914957,0,7
1.8996738782996898,0.9498369391498449,0,7
3.7826819097203583,5.0,0,7
5.672002683792144,2.327997316207856,1,7
4.074452952610869,5.0,0,7
1.4085461904699346,0.7042730952349673,0,7
9.094664294169464,6.637865717667785,0,7
6.762089113338371,5.704835645335349,0,7
4.136217469690992,5.0,0,7
4.9082766290689905,5.0,0,7
2.0,1.4066195222372768,0,7
4.1706207854239,5.0,0,7
4.089290065853593,5.0,0,7
4.476903061062989,5.0,0,7
2.0,1.3755274440744238,0,7
3.1454176528957,5.0,0,7
1.6527512134430242,3.1736243932784878,0,7
2.0,1.0599131953301726,0,7
5.7728028218089085,2.2271971781910915,1,7
2.0,2.0435547872326403,0,7
4.7707746644824525,5.0,0,7
4.458561667083654,2.4585616670836536,0,7
3.9185548476807597,5.0,0,7
3.1844700034691726,5.0,0,7
2.0,2.1126200805537465,0,7
5.812885277709354,2.187114722290646,1,7
4.362222735083908,5.0,0,7
2.0,1.0276933708361833,0,7
4.380091657850935,2.3800916578509344,0,7
1.6173689802667837,0.8086844901333918,0,7
4.5761254124118755,2.5761254124118755,0,7
2.0,2.6964309909399935,0,7
5.670145239620496,2.3298547603795043,1,7
2.0,1.0964537077033485,0,7
5.03038472299921,2.9696152770007904,1,7
1.556347054311897,3.2218264728440515,0,7
3.362767719677547,5.0,0,7
2.0,1.4273137369012603,0,7
3.694807554155819,5.0,0,7
4.711816107878342,5.0,0,7
0.7620145412141062,3.618992729392947,0,7
5.405734532572649,2.594265467427351,1,7
4.658965434572604,2.6589654345726035,0,7
2.0,1.9763546525731128,0,7
5.482585103850242,2.517414896149758,1,7
4.5240217982839885,2.524021798283989,0,7
1.6125717464854425,0.8062858732427213,0,7
5.978044596653531,5.3912178386614125,0,7
4.147700436102509,2.147700436102509,0,7
2.0,2.9869071541613947,0,7
0.135535471502382,3.932232264248809,0,7
1.9916316139247894,3.0041841930376054,0,7
2.0,1.2468993853066177,0,7
4.876141604133198,5.0,0,7
5.7040354417782195,2.2959645582217805,1,7
4.921959305955767,5.0,0,7
5.712150947902339,2.287849052097661,1,7
3.673837355358531,5.0,0,7
0.26734992444912864,3.866325037775436,0,7
4.180345169228348,2.180345169228348,0,7
2.0,1.3134317378445666,0,7
3.1809469625576616,5.0,0,7
1.9437322964900652,3.0281338517549674,0,7
1.0197222605698002,3.4901388697151,0,7
5.549122523698948,2.4508774763010517,1,7
4.340598043005574,5.0,0,7
2.0,1.9870240840989493,0,7
3.287201970161165,5.0,0,7
5.150920290840477,2.849079709159523,1,7
4.815338579459878,2.8153385794598775,0,7
4.577436232407276,5.0,0,7
0.1730846447145835,0.08654232235729176,0,7
5.387257417531218,2.612742582468783,1,7
3.2131931719557674,5.0,0,7
0.857286595885725,0.4286432979428625,0,7
1.532608024360423,0.7663040121802115,0,7
5.004734597982593,2.9952654020174068,1,7
2.0,1.0401257017902232,0,7
4.108198228669092,2.1081982286690923,0,7
5.69474267149362,2.30525732850638,1,7
1.7813281009131026,0.8906640504565513,0,7
5.492476323776583,2.507523676223417,1,7
2.0,2.8594640192090104,0,7
2.0,2.823125271300242,0,7
3.2124163170609785,5.0,0,7
0.4025177564935687,0.20125887824678435,0,7
1.7547280106612815,3.122635994669359,0,7
4.886445004403857,5.0,0,7
0.27127227596063874,3.8643638620196805,0,7
4.858726972683847,2.8587269726838476,0,7
6.21420858782222,5.485683435128888,0,7
3.6276567710886933,5.0,0,7
2.0,2.712786780320455,0,7
4.230877752913562,2.2308777529135617,0,7
1.0386759584229441,0.5193379792114721,0,7
4.343333445176445,2.3433334451764454,0,7
2.0,2.3175458587173647,0,7
0.5655805077332483,3.717209746133376,0,7
7.487667831216365,5.995067132486546,0,7
8.483612402236226,6.39344496089449,0,7
2.0,2.105058846868647,0,7
5.838872902945719,2.1611270970542806,1,7
5.568548964618283,2.431451035381717,1,7
3.9714197362135546,5.0,0,7
9.362402282431656,6.744960912972663,0,7
2.0,1.9126156615399252,0,7
4.599018782534684,5.0,0,7
1.3403217199996051,0.6701608599998026,0,7
4.558112217036186,2.558112217036186,0,7
0.4647566349832164,3.7676216825083917,0,7
2.0,1.9688230287803532,0,7
5.31499197341868,2.68500802658132,1,7
5.153407451078596,2.8465925489214037,1,7
4.105247439445193,5.0,0,7
3.2001704487894083,5.0,0,7
2.0,1.1968158292117794,0,7
2.0,1.2878235028966694,0,7
4.286329873911813,2.2863298739118134,0,7
0.5180295409071327,0.25901477045356636,0,7
5.066371373558199,2.9336286264418012,1,7
5.3176316716278835,2.6823683283721165,1,7
5.051842995243313,2.9481570047566867,1,7
1.8883766356638039,0.9441883178319019,0,7
2.0,1.5655653959135583,0,7
2.0,1.892681599677088,0,7
0.7194895397597121,0.35974476987985604,0,7
4.681635397831342,5.0,0,7
4.1340839176704005,5.0,0,7
8.603189115450544,6.441275646180218,0,7
2.0,1.077924735669371,0,7
9.509339220958054,6.803735688383222,0,7
7.965022237874286,6.1860088951497145,0,7
9.958117769990965,6.983247107996386,0,7
2.0,1.8638821408073574,0,7
5.42339023163276,2.57660976836724,1,7
0.2742885226546756,3.8628557386726623,0,7
4.672218566041421,2.672218566041421,0,7
0.2857474549160832,3.8571262725419584,0,7
2.0,1.9815370054926271,0,7
0.7375239050602529,0.36876195253012645,0,7
2.0,1.4982147787170712,0,7
4.7274357559333176,5.0,0,7
2.0,1.2385822642465152,0,7
2.0,1.104776252913849,0,7
5.434899314693049,2.565100685306951,1,7
1.5414107611735726,0.7707053805867863,0,7
5.850914182306828,2.149085817693172,1,7
4.621282667429591,2.621282667429591,0,7
2.0,1.7597753767962097,0,7
1.3598220728344792,3.3200889635827604,0,7
0.6275310085194372,3.6862344957402815,0,7
4.726637982999317,2.726637982999317,0,7
3.171033617825235,5.0,0,7
5.905104519260444,2.094895480739556,1,7
6.675115240838741,5.670046096335496,0,7
0.7137455881023815,3.6431272059488093,0,7
5.762290920262336,2.237709079737664,1,7
5.054994308848977,2.945005691151023,1,7
3.4474844057027987,5.0,0,7
4.057253219254211,2.05725321925421,0,7
2.0,2.2856037004662757,0,7
0.1775542171057054,0.0887771085528527,0,7
2.0,2.3358768299973085,0,7
2.0,1.785557229737745,0,7
5.019599819772844,2.9804001802271562,1,7
0.7875866887154772,3.6062066556422616,0,7
2.0,2.0809853946277648,0,7
9.894319942196223,6.957727976878489,0,7
3.7473818026900347,5.0,0,7
1.1311342739521997,3.4344328630239,0,7
2.0,1.0177503539631243,0,7
0.32569069277667273,3.8371546536116634,0,7
5.101868263027099,2.8981317369729007,1,7
3.7108666371623573,5.0,0,7
4.380492969665053,5.0,0,7
4.582156678263105,2.5821566782631047,0,7
1.0443292438566307,3.477835378071685,0,7
5.882455769351725,2.117544230648275,1,7
2.0,2.4553110703199836,0,7
5.2998200567828855,2.7001799432171145,1,7
5.691613293205193,2.3083867067948076,1,7
2.0,1.202008543412412,0,7
3.5900433971578707,5.0,0,7
1.4578095840832517,3.271095207958374,0,7
5.658121107284756,2.341878892715244,1,7
5.286068155518397,2.7139318444816034,1,7
4.9563476061071965,2.956347606107196,0,7
4.998958302264588,5.0,0,7
0.6747038427865728,0.3373519213932864,0,7
4.049756886400127,5.0,0,7
5.851751700046935,5.340700680018774,0,7
2.0,1.1988102925636195,0,7
3.98377071660114,5.0,0,7
1.6676731327109782,0.8338365663554891,0,7
2.0,1.4597540131730147,0,7
4.816000349754975,2.816000349754975,0,7
2.0,1.1030999528309,0,7
6.593381060637531,5.637352424255012,0,7
5.963293632807797,2.0367063671922034,1,7
2.0,2.4018949131444955,0,7
0.8196929436287907,3.5901535281856045,0,7
5.792959411164909,2.207040588835091,1,7
3.0879546661550616,5.0,0,7
0.8120223543327101,0.40601117716635504,0,7
5.716880130904611,2.283119869095389,1,7
3.655337183120051,5.0,0,7
1.6842742051074493,3.1578628974462752,0,7
4.940740392297392,2.940740392297392,0,7
5.5301988932990405,2.469801106700959,1,7
5.892283476111288,2.107716523888712,1,7
4.5666853987413365,2.566685398741337,0,7
4.979777029902435,2.9797770299024346,0,7
5.43391470153019,2.5660852984698095,1,7
0.0,0.9391154356533645,0,8
0.0,0.8885936832959468,0,8
0.8307310918545691,0.0,0,8
8.744627440997892,2.883058838503162,1,8
9.123213810720314,2.31517928391953,1,8
0.8309037646039747,0.0,0,8
8.479584379128944,3.280623431306583,1,8
2.0,4.0,0,8
1.4237993171658314,3.7118996585829156,1,8
2.0,4.0,0,8
1.118111771192039,3.5590558855960195,1,8
1.4088408165777142,3.704420408288857,1,8
1.210224071036358,3.605112035518179,1,8
3.55921728326804,2.0,0,8
0.8603941909075867,0.0,0,8
0.0,0.08024464084993022,0,8
2.0,4.0,0,8
8.50893307098891,3.2366003935166363,1,8
0.8775555422867709,0.0,0,8
3.5648698099077745,2.0,0,8
4.0,1.7294943439645079,0,8
0.8252815350775886,3.4126407675387944,1,8
2.0,4.0,0,8
3.706019519956162,2.0,0,8
2.0,4.0,0,8
0.14867557316700464,0.0,0,8
2.0,4.0,0,8
2.0,4.0,0,8
0.6136592056938316,0.0,0,8
8.81823841853015,2.772642372204774,1,8
3.137523614907826,2.0,0,8
3.8082704078916083,2.0,0,8
8.06834836951103,3.897477445733455,1,8
8.440408391534131,3.3393874126988043,1,8
0.23933508209581977,0.0,0,8
1.7345208262168612,3.8672604131084305,1,8
3.1918849871062998,2.0,0,8
3.9363188757795315,2.0,0,8
0.768771695951197,0.0,0,8
1.1793708974070536,3.589685448703527,1,8
2.0,4.0,0,8
0.0,0.32155929562851415,0,8
3.992190689515247,2.0,0,8
0.28575198481557174,0.0,0,8
8.4781744808823,3.2827382786765504,1,8
4.0,1.0465271676661385,0,8
0.6650718130444133,3.3325359065222067,1,8
0.9445527910270574,0.0,0,8
0.0,0.3634829587452214,0,8
1.203697212263785,3.6018486061318926,1,8
2.0,4.0,0,8
8.363358821593227,3.45496176761016,1,8
3.017823184026521,2.0,0,8
0.0,0.8099278238658275,0,8
9.043743595649179,2.4343846065262307,1,8
3.4958219859036705,2.0,0,8
2.0,4.0,0,8
2.0,4.0,0,8
0.42591206448068997,3.2129560322403448,1,8
0.0,0.5627311585523364,0,8
0.5783824909374105,0.0,0,8
2.0,4.0,0,8
0.009933693670982957,0.0,0,8
3.2102343206639934,2.0,0,8
8.550626437589797,3.174060343615305,1,8
0.2822599954566636,0.0,0,8
4.0,1.4213559217565557,0,8
0.8566641278310004,0.0,0,8
2.0,4.0,0,8
8.62763046663527,3.0585543000470943,1,8
8.389659665265405,3.4155105021018914,1,8
4.0,1.01262583035748,0,8
0.9508940273024441,0.0,0,8
3.4339996150149066,2.0,0,8
0.686810696154396,0.0,0,8
2.0,4.0,0,8
2.0,4.0,0,8
2.0,4.0,0,8
8.320059801596496,3.519910297605254,1,8
4.0,1.4541635524510053,0,8
4.0,1.3213658387821987,0,8
0.18543973434208305,3.0927198671710414,1,8
8.120875864271172,3.818686203593243,1,8
2.0,4.0,0,8
1.3654129128566141,3.682706456428307,1,8
8.638528465538725,3.042207301691913,1,8
3.2431741658874254,2.0,0,8
9.28092288431206,2.0786156735319103,1,8
4.0,1.0691391831115515,0,8
9.74583992349253,1.3812401147612046,1,8
4.0,1.1096069498325127,0,8
0.16905576511943454,0.0,0,8
8.934755982890696,2.5978660256639574,1,8
8.448101561193255,3.3278476582101177,1,8
1.708889031410113,3.8544445157050564,1,8
0.7896135552328413,0.0,0,8
2.0,4.0,0,8
2.0,4.0,0,8
1.0950000022986042,3.5475000011493023,1,8
2.0,4.0,0,8
0.07995295714128958,0.0,0,8
9.038054468144239,2.4429182977836432,1,8
3.540446329989816,2.0,0,8
0.5989791554809532,0.0,0,8
0.5993187807242845,0.0,0,8
2.0,4.0,0,8
3.6931214702565494,2.0,0,8
4.0,1.5413529803491126,0,8
4.0,1.9249269434027916,0,8
2.0,4.0,0,8
4.0,1.3957946098969964,0,8
9.597490545110679,1.6037641823339825,1,8
2.0,4.0,0,8
8.459938330498066,3.310092504252901,1,8
9.897585814274125,1.1536212785888118,1,8
0.9715361938286482,0.0,0,8
3.8771522480962304,2.0,0,8
0.4404250356672772,3.2202125178336387,1,8
0.1709772462991772,0.0,0,8
0.0,0.7145081722999606,0,8
8.437871834737816,3.3431922478932745,1,8
3.504665812596679,2.0,0,8
2.0,4.0,0,8
3.221963447666022,2.0,0,8
0.07866820647915729,0.0,0,8
0.9430186320361914,0.0,0,8
4.0,1.7044357972639435,0,8
1.3878328909518176,3.693916445475909,1,8
0.45344818663250497,0.0,0,8
2.0,4.0,0,8
9.964935149453986,1.052597275819021,1,8
0.0,0.9343907745724952,0,8
3.1023216892577343,2.0,0,8
0.0,0.7360690109051293,0,8
2.0,4.0,0,8
1.0257325361875753,3.512866268093788,1,8
8.891046383856132,2.663430424215802,1,8
2.0,4.0,0,8
3.8145258409455196,2.0,0,8
0.27197820430902153,0.0,0,8
3.8515613422572166,2.0,0,8
0.0,0.969695829405595,0,8
4.0,1.9392555841521393,0,8
0.6935082603524079,3.346754130176204,1,8
0.10956460430560977,0.0,0,8
2.0,4.0,0,8
0.6159205409585858,0.0,0,8
9.330847375838923,2.0037289362416164,1,8
0.48898185861231935,3.24449092930616,1,8
0.338519026226315,0.0,0,8
4.0,1.0984928837918622,0,8
2.0,4.0,0,8
3.1068655046685505,2.0,0,8
0.4517454925360125,0.0,0,8
3.5197517077112073,2.0,0,8
2.0,4.0,0,8
0.0,0.5442709490019015,0,8
0.0,0.9613334798704332,0,8
9.198006049777002,2.2029909253344973,1,8
0.0009735189505197805,3.00048675947526,1,8
1.0036271873710623,3.5018135936855312,1,8
8.99654775661677,2.505178365074843,1,8
0.12133939182991438,3.060669695914957,1,8
3.949836939149845,2.0,0,8
1.2173180902796417,3.608659045139821,1,8
8.655994632415712,3.0160080513764305,1,8
3.4627735236945654,2.0,0,8
9.408546190469934,1.887180714295098,1,8
8.362134282332214,3.4567985765016784,1,8
0.6475821773323257,0.0,0,8
9.136217469690992,2.2956737954635127,1,8
2.0,4.0,0,8
0.2033097611186384,0.0,0,8
2.0,4.0,0,8
0.9107099341464076,3.4553549670732036,1,8
4.0,1.7384515305314945,0,8
3.8122362779627883,2.0,0,8
9.8545823471043,1.2181264793435496,1,8
3.8263756067215122,2.0,0,8
2.0,4.0,0,8
3.2271971781910915,2.0,0,8
1.0435547872326405,3.52177739361632,1,8
9.770774664482452,1.3438380032763222,1,8
2.0,4.0,0,8
4.0,1.5407225761596202,0,8
2.0,4.0,0,8
4.0,1.5563100402768733,0,8
9.625770555418708,1.5613441668719386,1,8
3.318888632458046,2.0,0,8
9.972306629163818,1.041540056254275,1,8
0.6199083421490655,0.0,0,8
0.8086844901333918,0.0,0,8
1.1522508248237506,3.5761254124118755,1,8
8.303569009060007,3.54464648640999,1,8
2.0,4.0,0,8
3.9517731461483256,2.0,0,8
3.0303847229992096,2.0,0,8
9.556347054311896,1.6654794185321546,1,8
0.1813838598387736,0.0,0,8
0.7863431315493699,0.0,0,8
4.0,1.6525962229220905,0,8
9.711816107878342,1.4322758381824883,1,8
0.6189927293929469,0.0,0,8
4.0,1.405734532572649,0,8
2.0,4.0,0,8
9.023645347426887,2.4645319788596693,1,8
0.0,0.5174148961497581,0,8
4.0,1.524021798283989,0,8
2.0,4.0,0,8
0.8043910806692938,0.0,0,8
0.14770043610250894,0.0,0,8
2.0,4.0,0,8
3.067767735751191,2.0,0,8
0.0041841930376053105,0.0,0,8
0.2468993853066177,3.123449692653309,1,8
0.9380708020665992,0.0,0,8
3.7040354417782195,2.0,0,8
0.9609796529778833,0.0,0,8
4.0,1.7121509479023391,0,8
2.0,4.0,0,8
0.26734992444912864,3.133674962224564,1,8
0.1803451692283481,0.0,0,8
0.15671586892228329,0.0,0,8
3.909526518721169,2.0,0,8
3.9718661482450326,2.0,0,8
2.0,4.0,0,8
0.9017549526021036,3.4508774763010517,1,8
0.6702990215027871,0.0,0,8
4.0,1.4935120420494745,0,8
3.1436009850805826,2.0,0,8
2.0,4.0,0,8
0.18466142054012236,0.0,0,8
8.422563767592724,3.366154348610915,1,8
3.0865423223572916,2.0,0,8
2.0,4.0,0,8
2.0,4.0,0,8
3.5713567020571375,2.0,0,8
2.0,4.0,0,8
4.0,1.9952654020174068,0,8
0.9799371491048884,0.0,0,8
2.0,4.0,0,8
0.30525732850638,0.0,0,8
8.218671899086898,3.671992151369654,1,8
9.015047352446834,2.477428971329749,1,8
0.14053598079098983,3.070267990395495,1,8
2.0,4.0,0,8
8.21241631706098,3.6813755244085318,1,8
0.20125887824678435,0.0,0,8
1.7547280106612815,3.877364005330641,1,8
0.9432225022019286,0.0,0,8
4.0,1.1356361379803195,0,8
0.0,0.14127302731615254,0,8
3.757158282435556,2.0,0,8
2.0,4.0,0,8
4.0,1.8563933901602274,0,8
2.0,4.0,0,8
4.0,1.519337979211472,0,8
2.0,4.0,0,8
0.6587729293586823,0.0,0,8
0.0,0.7172097461333758,0,8
0.0,0.49753356624327305,0,8
2.0,4.0,0,8
3.4474705765656766,2.0,0,8
0.8388729029457191,0.0,0,8
1.137097929236566,3.568548964618283,1,8
0.0,0.5142901318932227,0,8
9.744960912972662,1.382558630541006,1,8
3.543692169230037,2.0,0,8
2.0,4.0,0,8
4.0,1.6701608599998026,0,8
0.5581122170361856,0.0,0,8
9.535243365016784,1.6971349524748245,1,8
0.4844115143901766,0.0,0,8
8.62998394683736,3.0550240797439603,1,8
3.1534074510785963,2.0,0,8
3.4473762802774033,2.0,0,8
0.20017044878940804,3.100085224394704,1,8
8.19681582921178,3.7047762561823308,1,8
8.28782350289667,3.568264745654996,1,8
4.0,1.2863298739118134,0,8
2.0,4.0,0,8
0.9336286264418013,0.0,0,8
0.6823683283721165,0.0,0,8
8.103685990486627,3.8444710142700598,1,8
0.055811682168098065,0.0,0,8
2.0,4.0,0,8
8.892681599677088,2.660977600484368,1,8
9.280510460240288,2.0792343096395682,1,8
8.318364602168659,3.5224530967470127,1,8
2.0,4.0,0,8
3.279362176909891,2.0,0,8
3.9610376321653145,2.0,0,8
0.0,0.9018678441916109,0,8
9.186008895149714,2.2209866572754287,1,8
8.016752892003614,3.974870661994579,1,8
0.0,0.4319410704036787,0,8
0.0,0.4233902316327599,0,8
0.0,0.8628557386726622,0,8
8.655562867917158,3.0166556981242616,1,8
3.8571262725419584,2.0,0,8
0.5092314972536864,0.0,0,8
8.737523905060254,2.8937141424096207,1,8
4.0,1.2491073893585356,0,8
0.13628212203334145,0.0,0,8
9.761417735753485,1.3578733963697727,1,8
2.0,4.0,0,8
2.0,4.0,0,8
3.7707053805867865,2.0,0,8
2.0,4.0,0,8
2.0,4.0,0,8
0.6201123116018952,0.0,0,8
2.0,4.0,0,8
0.6862344957402814,0.0,0,8
4.0,1.726637982999317,0,8
2.0,4.0,0,8
8.189790961479112,3.715313557781332,1,8
0.6649769518322519,0.0,0,8
0.35687279405119077,0.0,0,8
4.0,1.7622909202623358,0,8
9.890011382302045,1.164982926546931,1,8
3.2237422028513993,2.0,0,8
3.94274678074579,2.0,0,8
9.285603700466275,2.0715944493005862,1,8
0.0,0.9112228914471473,0,8
0.6679384149986543,0.0,0,8
0.39277861486887256,0.0,0,8
3.9804001802271562,2.0,0,8
0.7875866887154772,3.3937933443577384,1,8
8.919014605372235,2.621478091941647,1,8
4.0,1.0211360115607553,0,8
2.0,4.0,0,8
2.0,4.0,0,8
2.0,4.0,0,8
9.674309307223327,1.488536039165009,1,8
0.10186826302709906,0.0,0,8
0.35543331858117866,0.0,0,8
9.380492969665053,1.9292605455024203,1,8
0.0,0.4178433217368952,0,8
1.0443292438566307,3.522164621928315,1,8
0.8824557693517251,0.0,0,8
2.0,4.0,0,8
0.2998200567828857,0.0,0,8
3.6916132932051924,2.0,0,8
0.20200854341241192,3.101004271706206,1,8
3.2950216985789353,2.0,0,8
4.0,1.7289047920416258,0,8
0.34187889271524396,0.0,0,8
0.7139318444816034,0.0,0,8
3.5822340855417996,2.7911170427708996,0,9
4.061880303604447,3.0309401518022234,0,9
3.531447612940172,2.7657238064700858,0,9
2.332689123772351,2.1663445618861754,0,9
2.7056970410421797,2.35284852052109,0,9
1.4815263434993333,1.7407631717496668,0,9
2.52252661331465,2.261263306657325,0,9
0.26471590371501463,1.1323579518575073,0,9
2.43335962310685,2.216679811553425,0,9
4.289676511031601,3.1448382555158005,0,9
5.551384705916918,3.775692352958459,0,9
3.374276432971959,2.6871382164859794,0,9
4.873537939812515,3.4367689699062574,0,9
2.561311753329748,2.280655876664874,0,9
5.1872096678403885,3.5936048339201943,0,9
3.7462339778021403,2.87311698890107,0,9
1.9800668492403057,1.9900334246201528,0,9
2.7132359713467205,2.3566179856733602,0,9
4.812178422402911,3.4060892112014556,0,9
1.5093039197734108,1.7546519598867054,0,9
1.1436958280556802,1.57184791402784,0,9
5.554857928324822,3.777428964162411,0,9
0.6006737040464127,1.3003368520232064,0,9
3.392724688730513,2.6963623443652565,0,9
5.871921977783105,3.9359609888915523,0,9
4.7106078943729015,3.3553039471864508,0,9
1.0954953016429738,1.547747650821487,0,9
3.45862449564423,2.729312247822115,0,9
3.861846105175152,2.930923052587576,0,9
1.4228031172323083,1.7114015586161542,0,9
3.1968730014142084,2.598436500707104,0,9
3.815665664417587,2.9078328322087934,0,9
3.5323910946887542,2.766195547344377,0,9
1.4774774146525755,1.7387387073262879,0,9
0.6722179321751081,1.336108966087554,0,9
1.2778660847773182,1.638933042388659,0,9
4.197536033052094,3.098768016526047,0,9
5.544329787511472,3.772164893755736,0,9
0.655415137677438,1.327707568838719,0,9
3.869908489605792,2.934954244802896,0,9
4.9390677952440285,3.4695338976220143,0,9
2.2889767108872134,2.144488355443607,0,9
0.2040545288747817,1.1020272644373907,0,9
5.323323372703694,3.661661686351847,0,9
2.982947392864676,2.491473696432338,0,9
0.15696165545606067,1.0784808277280304,0,9
5.350927186969556,3.675463593484778,0,9
5.955545053688777,3.9777725268443884,0,9
4.318496101127871,3.1592480505639355,0,9
2.679032719973369,2.3395163599866846,0,9
5.109798340500574,3.554899170250287,0,9
2.8459822480983084,2.422991124049154,0,9
4.33522034831428,3.16761017415714,0,9
0.9500471060127511,1.4750235530063756,0,9
1.1707498145883612,1.5853749072941805,0,9
5.13788521444767,3.568942607223835,0,9
4.153249694771846,3.076624847385923,0,9
0.6889578545487698,1.344478927274385,0,9
4.6076806303772155,3.3038403151886078,0,9
1.1406767991580613,1.5703383995790308,0,9
5.381251355025454,3.690625677512727,0,9
4.277198828873138,3.138599414436569,0,9
4.366077365233617,3.1830386826168087,0,9
4.011573250365567,3.0057866251827834,0,9
0.8006925358282218,1.4003462679141108,0,9
3.1692461264226353,2.5846230632113176,0,9
0.7470673088705819,1.373533654435291,0,9
3.9434083571389165,2.9717041785694582,0,9
4.433847912771773,3.2169239563858865,0,9
4.987738455491776,3.493869227745888,0,9
1.2616459561398443,1.6308229780699222,0,9
1.4558233199218495,1.7279116599609248,0,9
2.4437682080618766,2.2218841040309383,0,9
4.688587373775504,3.344293686887752,0,9
3.0719126200785327,2.5359563100392664,0,9
2.274321696924836,2.1371608484624183,0,9
5.733158122947806,3.866579061473903,0,9
4.523417701830468,3.261708850915234,0,9
0.47722991265938486,1.2386149563296924,0,9
3.009680015020326,2.504840007510163,0,9
2.614600691764389,2.3073003458821946,0,9
4.2046012048049555,3.1023006024024777,0,9
3.0642827284625396,2.53214136423127,0,9
5.353000502614654,3.676500251307327,0,9
3.0446142934854814,2.5223071467427407,0,9
3.837438725347715,2.9187193626738575,0,9
0.576682022576998,1.288341011288499,0,9
1.6911123818304787,1.8455561909152394,0,9
3.872935634443795,2.9364678172218976,0,9
1.507710328885478,1.7538551644427391,0,9
0.8356518212677715,1.4178259106338857,0,9
4.541069714687429,3.2705348573437143,0,9
2.6048247018547745,2.302412350927387,0,9
5.111536179214638,3.555768089607319,0,9
5.697566533115227,3.8487832665576134,0,9
1.3905299220136556,1.6952649610068278,0,9
0.040300947561214606,1.0201504737806073,0,9
1.1438576624738443,1.5719288312369222,0,9
3.7123412753500986,2.8561706376750493,0,9
5.042112523131657,3.5210562615658283,0,9
4.723386332919032,3.361693166459516,0,9
0.45923696493250077,1.2296184824662504,0,9
0.5369394102283709,1.2684697051141853,0,9
4.959380696971145,3.4796903484855726,0,9
4.765194880062066,3.382597440031033,0,9
1.5934548527358814,1.7967274263679407,0,9
5.11098579814521,3.555492899072605,0,9
2.4737374199993747,2.2368687099996873,0,9
0.6629919380775959,1.331495969038798,0,9
3.089936968454033,2.5449684842270166,0,9
5.337273977025774,3.668636988512887,0,9
1.5509992084880242,1.775499604244012,0,9
1.59459329501117,1.797296647505585,0,9
2.1795332049486733,2.0897666024743367,0,9
0.06775069963136238,1.0338753498156812,0,9
2.642632117889428,2.321316058944714,0,9
0.6271643552436093,1.3135821776218046,0,9
5.502981832044302,3.751490916022151,0,9
1.132836858752273,1.5664184293761365,0,9
3.4542140623204034,2.7271070311602017,0,9
5.09159888082516,3.54579944041258,0,9
5.795655011686668,3.897827505843334,0,9
4.771003952164904,3.385501976082452,0,9
5.202867853254979,3.6014339266274895,0,9
4.290108995932639,3.1450544979663193,0,9
4.227097813249644,3.113548906624822,0,9
3.014935874491817,2.5074679372459086,0,9
0.620529332422689,1.3102646662113444,0,9
2.915021167077934,2.457510583538967,0,9
2.2339024630857933,2.1169512315428967,0,9
2.8954897815305367,2.4477448907652684,0,9
4.411833597014578,3.205916798507289,0,9
5.479824070662243,3.7399120353311215,0,9
1.6810525646741379,1.840526282337069,0,9
1.2236483272974596,1.6118241636487298,0,9
3.830017113103252,2.915008556551626,0,9
4.666112484082134,3.333056242041067,0,9
5.286253355740164,3.643126677870082,0,9
4.1832378452645145,3.0916189226322572,0,9
5.097703353105523,3.5488516765527613,0,9
1.5710340100801057,1.7855170050400528,0,9
0.527046066801045,1.2635230334005225,0,9
5.617538947952591,3.8087694739762954,0,9
0.12389729988752807,1.061948649943764,0,9
2.8364302969307795,2.4182151484653898,0,9
0.27619824900511647,1.1380991245025582,0,9
5.677767918685313,3.8388839593426565,0,9
2.173285511025525,2.0866427555127625,0,9
0.43805045811474086,1.2190252290573704,0,9
5.948583801520181,3.9742919007600905,0,9
1.322820953917991,1.6614104769589955,0,9
1.8022070616165706,1.9011035308082853,0,9
0.7739879686809723,1.3869939843404862,0,9
4.369834861705698,3.184917430852849,0,9
2.40004195822538,2.20002097911269,0,9
2.2881267930578355,2.1440633965289178,0,9
2.622328797478313,2.3111643987391566,0,9
3.9166494703665373,2.9583247351832687,0,9
1.405540367346474,1.702770183673237,0,9
4.103781852720066,3.051890926360033,0,9
4.473688445134733,3.2368442225673664,0,9
0.7637039217552397,1.3818519608776199,0,9
2.896971818759105,2.448485909379553,0,9
3.7919262975758863,2.895963148787943,0,9
0.5792619513440183,1.2896309756720092,0,9
1.8713175815249148,1.9356587907624574,0,9
0.20487827992527063,1.1024391399626352,0,9
0.4109193351087095,1.2054596675543547,0,9
5.457043691153115,3.7285218455765574,0,9
3.342442560007927,2.671221280003963,0,9
1.7701270937358704,1.885063546867935,0,9
4.398710249442822,3.199355124721411,0,9
1.625146026758961,1.8125730133794806,0,9
5.218690710568745,3.6093453552843724,0,9
2.030709295192489,2.0153546475962445,0,9
3.632692689172279,2.8163463445861394,0,9
5.097410326292552,3.548705163146276,0,9
1.0752571897645558,1.5376285948822779,0,9
2.7721681722473424,2.386084086123671,0,9
3.141199404847738,2.570599702423869,0,9
3.55889620652791,2.779448103263955,0,9
1.4039997098543235,1.7019998549271618,0,9
5.960030337186302,3.980015168593151,0,9
3.868682253897259,2.9343411269486293,0,9
5.636804136200906,3.818402068100453,0,9
4.478606177668164,3.239303088834082,0,9
1.3838106256984073,1.6919053128492036,0,9
1.5983258241466372,1.7991629120733186,0,9
2.25320871013922,2.12660435506961,0,9
1.7167637505024267,1.8583818752512133,0,9
4.281163352680618,3.140581676340309,0,9
4.963682775303202,3.481841387651601,0,9
2.0562292753427167,2.0281146376713584,0,9
4.230637978366428,3.115318989183214,0,9
4.156443513354677,3.0782217566773387,0,9
4.371677508005047,3.1858387540025235,0,9
2.44864232750985,2.224321163754925,0,9
5.482978963202573,3.7414894816012865,0,9
1.3860180648555547,1.6930090324277773,0,9
2.112739913980425,2.0563699569902125,0,9
2.3376360847191884,2.168818042359594,0,9
0.44336723062743655,1.2216836153137183,0,9
2.9027223432024964,2.4513611716012482,0,9
2.8388020049230187,2.4194010024615094,0,9
4.445292172804759,3.2226460864023796,0,9
1.2075096942150836,1.6037548471075418,0,9
2.184046074692473,2.0920230373462365,0,9
3.2995868881564254,2.6497934440782127,0,9
5.711511716478424,3.855755858239212,0,9
3.5092104927379095,2.7546052463689548,0,9
0.5202706566838657,1.2601353283419328,0,9
4.369907270065003,3.1849536350325014,0,9
4.570882355499811,3.2854411777499055,0,9
3.8545472985617057,2.9272736492808527,0,9
1.998709975014662,1.9993549875073309,0,9
4.46384277392645,3.231921386963225,0,9
4.851365448772901,3.4256827243864505,0,9
3.111259567782148,2.555629783891074,0,9
0.39397224786073326,1.1969861239303667,0,9
4.505111195228111,3.2525555976140557,0,9
3.4560771658244973,2.728038582912249,0,9
5.209800032049282,3.604900016024641,0,9
1.5350613467468204,1.7675306733734102,0,9
5.658998680501836,3.829499340250918,0,9
5.0081028041838405,3.5040514020919202,0,9
3.4290963353466903,2.714548167673345,0,9
0.42696741055221477,1.2134837052761074,0,9
1.596210337531545,1.7981051687657725,0,9
1.8166211685947555,1.9083105842973778,0,9
2.790972833270935,2.3954864166354675,0,9
2.112498613261954,2.056249306630977,0,9
4.647415986509184,3.323707993254592,0,9
4.694601710974144,3.347300855487072,0,9
5.4924858008911475,3.7462429004455737,0,9
0.6844814004801896,1.3422407002400947,0,9
3.9963589673743964,2.998179483687198,0,9
4.964051392404341,3.4820256962021703,0,9
2.9482602852713047,2.4741301426356523,0,9
3.547302647085938,2.773651323542969,0,9
2.8633079576255147,2.4316539788127574,0,9
0.3889165287415359,1.194458264370768,0,9
4.242334713695019,3.1211673568475096,0,9
0.8003910388899591,1.4001955194449796,0,9
5.376837527421598,3.688418763710799,0,9
3.902707140494808,2.951353570247404,0,9
2.249353428647964,2.124676714323982,0,9
4.017302566190722,3.008651283095361,0,9
0.5927910053233187,1.2963955026616594,0,9
4.401276200390756,3.200638100195378,0,9
3.94288195878677,2.971440979393385,0,9
1.5089652474812647,1.7544826237406324,0,9
5.607253636842612,3.803626818421306,0,9
5.381909436812304,3.690954718406152,0,9
2.061736568653051,2.0308682843265258,0,9
3.048729030122152,2.524364515061076,0,9
4.515358595681874,3.257679297840937,0,9
2.9211797466057625,2.4605898733028813,0,9
1.1722937294222184,1.5861468647111092,0,9
2.619416123018107,2.3097080615090535,0,9
2.730230777826736,2.365115388913368,0,9
2.0519071136754126,2.025953556837706,0,9
2.259701532974514,2.129850766487257,0,9
4.725840863329119,3.3629204316645596,0,9
5.201742336498256,3.600871168249128,0,9
3.2467949459632037,2.623397472981602,0,9
2.4282223947011725,2.2141111973505865,0,9
1.2325411822209562,1.616270591110478,0,9
1.1289077463575843,1.5644538731787923,0,9
0.15080428739150187,1.0754021436957508,0,9
4.374616020275633,3.1873080101378166,0,9
0.2502723637169497,1.1251361818584749,0,9
5.935464444805729,3.9677322224028644,0,9
2.8546245398007724,2.427312269900386,0,9
0.7018752302281417,1.3509376151140708,0,9
1.6213524816302596,1.8106762408151298,0,9
1.4609001742617234,1.7304500871308617,0,9
3.43830661650093,2.719153308250465,0,9
4.061519654638363,3.0307598273191814,0,9
4.677010119121611,3.3385050595608057,0,9
3.3667482346449025,2.683374117322451,0,9
1.678398899122544,1.839199449561272,0,9
5.217626414748245,3.6088132073741224,0,9
0.7902319688883361,1.395115984444168,0,9
0.6089712368786102,1.3044856184393052,0,9
2.02535683705782,2.01267841852891,0,9
2.9858922309781253,2.4929461154890626,0,9
3.1469938458635967,2.573496922931798,0,9
4.48036334692633,3.240181673463165,0,9
0.14712569759492444,1.0735628487974622,0,9
0.26353373448907025,1.1317668672445351,0,9
2.725751512557034,2.362875756278517,0,9
4.115113521126593,3.0575567605632963,0,9
3.53575390190442,2.76787695095221,0,9
0.704164159867581,1.3520820799337905,0,9
4.393124113682065,3.1965620568410325,0,9
2.504950915067343,2.2524754575336714,0,9
3.4339085414843558,2.716954270742178,0,9
3.1673260333270403,2.58366301666352,0,9
5.905302195844225,3.9526510979221126,0,9
1.5860678899972838,1.7930339449986419,0,9
2.553540082040846,2.276770041020423,0,9
0.5248556483985167,1.2624278241992584,0,9
4.418665878811048,3.209332939405524,0,9
1.6265120239675637,1.813256011983782,0,9
5.867945056180476,3.933972528090238,0,9
5.31990627469682,3.65995313734841,0,9
4.398156666811952,3.199078333405976,0,9
3.7313278521285653,2.8656639260642827,0,9
2.546751019800715,2.273375509900357,0,9
1.4641071767644347,1.7320535883822172,0,9
1.6464779313829674,1.8232389656914836,0,9
1.475664485565943,1.7378322427829715,0,9
3.570704310260492,2.785352155130246,0,9
0.6619784767803572,1.3309892383901785,0,9
5.390860219409567,3.6954301097047835,0,9
2.6508218282165217,2.325410914108261,0,9
3.8032500897347976,2.901625044867399,0,9
5.747970416789036,3.873985208394518,0,9
0.9214389644805978,1.460719482240299,0,9
2.2471290753394255,2.1235645376697128,0,9
0.8105423884068805,1.4052711942034404,0,9
2.2329218140603864,2.116460907030193,0,9
5.1990290058163,3.59951450290815,0,9
0.6848335160963703,1.3424167580481852,0,9
4.273090013010359,3.1365450065051794,0,9
5.786827867963293,3.8934139339816465,0,9
2.4360105489354797,2.21800527446774,0,9
4.112682768724438,3.056341384362219,0,9
0.06339420362587944,1.0316971018129397,0,9
5.857802485311976,3.928901242655988,0,9
4.43783838595651,3.218919192978255,0,9
1.138882107335844,1.569441053667922,0,9
5.270932839140655,3.6354664195703275,0,9
0.0629496952858215,1.0314748476429108,0,9
2.7477579763848903,2.373878988192445,0,9
5.399545495215888,3.699772747607944,0,9
2.5477641776915823,2.273882088845791,0,9
1.706276842478882,1.853138421239441,0,9
1.8713771274836422,1.935688563741821,0,9
5.190179619535144,3.595089809767572,0,9
0.05231523810497074,1.0261576190524853,0,9
0.22067573736764512,1.1103378686838226,0,9
1.840419577889576,1.920209788944788,0,9
5.794365944973157,3.8971829724865783,0,9
1.058761385803642,1.529380692901821,0,9
1.4248147955391177,1.7124073977695589,0,9
0.40819281221577164,1.2040964061078858,0,9
1.9610572833188344,1.9805286416594172,0,9
4.736103524250897,3.3680517621254484,0,9
3.626819608183004,2.813409804091502,0,9
4.043877972410811,3.0219389862054054,0,9
2.929630632782035,2.4648153163910176,0,9
0.021936025902827616,1.0109680129514138,0,9
3.8843546207974953,2.9421773103987476,0,9
2.6935365840170267,2.3467682920085133,0,9
5.403181295541366,3.701590647770683,0,9
5.682856538721431,3.8414282693607156,0,9
0.0,0.9613974775036055,0,10
0.0,0.9538047341676628,0,10
5.4904990518839,4.4904990518839,0,10
2.632192064432755,0.0,0,10
2.7329950198379924,0.0,0,10
2.0975904967520336,2.0975904967520336,0,10
0.8377530812517999,1.8377530812518,0,10
1.4058813223675612,0.0,0,10
3.4170907355836606,0.0,0,10
3.304408971707926,0.0,0,10
3.4248472379248316,0.0,0,10
3.8581142260514296,0.0,0,10
3.846932479609419,0.0,0,10
0.0,0.9298008860913112,0,10
2.6982475865158513,2.6982475865158513,0,10
0.0,0.9796236810301702,0,10
1.035626996553035,0.0,0,10
4.0,0.5076073530014179,0,10
2.8571305590406393,3.2381157349322685,0,10
0.1894262414705289,1.189426241470529,0,10
2.7056695587036286,2.7056695587036286,0,10
4.0,0.40376648148165883,0,10
1.5688221477002702,2.0,0,10
5.4076024970110135,3.1847950059779726,0,10
5.106247895279794,4.106247895279794,0,10
3.5540211897717064,0.0,0,10
4.0,0.5071334926547262,0,10
0.9578113715685036,6.403647714052494,0,10
1.2633657830507241,0.0,0,10
0.0,0.4577193864642042,0,10
5.917735476067976,2.1645290478640478,0,10
3.3643632901746017,0.0,0,10
5.7964052251862075,4.7964052251862075,0,10
1.954747505430809,0.0,0,10
1.684624271692713,0.0,0,10
4.0,0.5117068331949007,0,10
4.0,0.5145856898156327,0,10
5.966692920582968,4.966692920582968,0,10
2.2113478874971215,0.0,0,10
0.0,0.588351861822167,0,10
0.0,0.010334423220716649,0,10
5.971588143286748,2.0568237134265033,0,10
2.701326514093516,0.0,0,10
2.025171563884812,0.0,0,10
4.0,0.6791182739134638,0,10
2.9264729381344257,2.9264729381344257,0,10
3.0608845643466354,0.0,0,10
1.8885936832959467,2.0,0,10
1.830731091854569,2.0,0,10
5.627686279501054,4.627686279501054,0,10
3.438393094639843,0.0,0,10
3.169096235396025,0.0,0,10
4.0,0.7602078104355278,0,10
0.0,0.19005270791973705,0,10
0.0,0.2881003414170843,0,10
2.1417050746732222,2.1417050746732222,0,10
2.5590558855960195,0.0,0,10
5.295579591711143,3.4088408165777144,0,10
5.394887964481821,4.394887964481821,0,10
1.6776518498041204,5.2039135836598,0,10
3.860394190907587,0.0,0,10
2.08024464084993,2.08024464084993,0,10
0.0,0.8496073257589813,0,10
3.2544665354944544,0.0,0,10
3.122444457713229,0.0,0,10
0.5648698099077742,1.5648698099077742,0,10
0.0,0.27050565603549204,0,10
0.0,0.4126407675387943,0,10
5.809163954188778,2.3816720916224448,0,10
0.2939804800438378,1.293980480043838,0,10
0.0,0.7593671790701471,0,10
3.1486755731670044,0.0,0,10
1.8241022892585868,0.0,0,10
3.5252117866139705,0.0,0,10
0.0,0.3863407943061684,0,10
4.0,0.4091192092650753,0,10
4.0,0.8624763850921743,0,10
5.808270407891609,4.808270407891609,0,10
3.034174184755515,0.0,0,10
2.220204195767065,2.220204195767065,0,10
5.7606649179041804,2.4786701641916395,0,10
1.1327395868915695,2.0,0,10
2.424345038681101,3.959424935531498,0,10
0.9363188757795315,1.9363188757795315,0,10
5.231228304048803,4.231228304048803,0,10
5.410314551296473,4.410314551296473,0,10
5.1374869479777745,4.1374869479777745,0,10
1.6784407043714857,0.0,0,10
0.007809310484752863,1.007809310484753,0,10
2.2857519848155716,0.0,0,10
5.23908724044115,4.23908724044115,0,10
0.13958150299841587,7.767364161669307,0,10
5.332535906522207,4.332535906522207,0,10
1.0554472089729425,2.0,0,10
2.3634829587452213,2.3634829587452213,0,10
1.6018486061318926,0.0,0,10
4.0,0.07181531853635359,0,10
1.1816794107966135,0.0,0,10
3.982176815973479,0.0,0,10
2.1900721761341724,0.0,0,10
5.4781282021754105,4.4781282021754105,0,10
5.50417801409633,4.50417801409633,0,10
3.8004912055691524,0.0,0,10
0.14056368855508894,1.140563688555089,0,10
1.212956032240345,0.0,0,10
3.4372688414476635,0.0,0,10
5.57838249093741,2.843235018125179,0,10
2.054717377081942,0.0,0,10
0.02980108101294887,7.9503315316450855,0,10
0.0,0.2102343206639934,0,10
0.7246867812051017,1.7246867812051017,0,10
5.282259995456664,4.282259995456664,0,10
0.5786440782434442,1.5786440782434443,0,10
5.856664127831,4.856664127831,0,10
2.8074783197480206,2.8074783197480206,0,10
0.6861847666823647,1.6861847666823646,0,10
2.8051701673672973,0.0,0,10
3.01262583035748,0.0,0,10
5.049105972697556,4.049105972697556,0,10
3.4339996150149066,0.0,0,10
1.686810696154396,0.0,0,10
3.726810905051707,0.0,0,10
1.479693761301677,0.0,0,10
5.367656721778529,4.367656721778529,0,10
2.8399700992017514,0.0,0,10
5.545836447548995,2.9083271049020105,0,10
1.6786341612178013,2.0,0,10
2.9072801328289586,2.9072801328289586,0,10
2.9395620678644145,2.9395620678644145,0,10
3.909048832799125,0.0,0,10
1.3172935435716928,2.0,0,10
5.319264232769362,4.319264232769362,0,10
5.756825834112575,4.756825834112575,0,10
3.3595385578439703,0.0,0,10
5.9308608168884485,4.9308608168884485,0,10
0.12708003825373482,1.1270800382537347,0,10
1.1096069498325127,0.0,0,10
0.8309442348805655,1.8309442348805653,0,10
2.4673779914453475,0.0,0,10
4.0,0.22405078059662742,0,10
5.854444515705056,4.854444515705056,0,10
1.7896135552328412,2.0,0,10
3.076641869268903,0.0,0,10
5.788914797103218,4.788914797103218,0,10
0.0,0.5475000011493021,0,10
2.7862548628154125,0.0,0,10
0.0,0.07995295714128958,0,10
5.519027234072119,2.961945531855762,0,10
3.540446329989816,0.0,0,10
1.4010208445190468,2.0,0,10
5.400681219275715,3.198637561448569,0,10
5.504373451233757,4.504373451233757,0,10
2.6931214702565494,2.6931214702565494,0,10
1.6240589410473378,5.293235098254437,0,10
5.075073056597208,4.075073056597208,0,10
3.970550802030219,0.0,0,10
5.604205390103004,2.791589219793993,0,10
2.3962358176660175,4.0062736372233045,0,10
5.635088147750927,4.635088147750927,0,10
0.6899074957470993,6.850154173754834,0,10
1.0512070928629371,0.0,0,10
0.9715361938286482,1.9715361938286482,0,10
0.0,0.1228477519037694,0,10
1.7797874821663613,2.0,0,10
0.0,0.8290227537008228,0,10
0.8564754831001183,6.572540861499803,0,10
3.2189359173689085,0.0,0,10
3.504665812596679,0.0,0,10
5.8615510762234155,2.2768978475531694,0,10
2.778036552333978,0.0,0,10
2.763995380562528,3.393341032395787,0,10
2.8290558961085743,3.284906839819043,0,10
3.2955642027360565,0.0,0,10
1.3060835545240912,2.0,0,10
2.453448186632505,2.453448186632505,0,10
1.630782770262117,2.0,0,10
0.0,0.982467574726993,0,10
5.9343907745724955,4.9343907745724955,0,10
2.6930349322267966,3.5116084462886725,0,10
3.2639309890948707,0.0,0,10
2.4255241579766613,2.4255241579766613,0,10
3.487133731906212,0.0,0,10
5.554476808071934,4.554476808071934,0,10
0.35283266817160086,1.352832668171601,0,10
3.1854741590544804,0.0,0,10
5.271978204309022,4.271978204309022,0,10
5.851561342257217,4.851561342257217,0,10
5.969695829405595,2.06060834118881,0,10
1.9392555841521393,0.0,0,10
0.0,0.6532458698237961,0,10
5.10956460430561,4.10956460430561,0,10
0.0,0.6216730043385299,0,10
1.384079459041414,0.0,0,10
0.0,0.6654236879194613,0,10
0.0,0.24449092930615968,0,10
5.338519026226315,3.3229619475473697,0,10
0.9015071162081378,1.9015071162081378,0,10
1.7425882430005546,5.095686261665742,0,10
3.1068655046685505,0.0,0,10
3.5482545074639873,0.0,0,10
2.5197517077112073,0.0,0,10
3.2962341178657577,0.0,0,10
0.0,0.5442709490019015,0,10
3.038666520129567,0.0,0,10
2.5990030248885008,0.0,0,10
0.0,0.9995132405247401,0,10
5.498186406314469,3.0036271873710625,0,10
0.49827387830838565,1.4982738783083858,0,10
0.9393303040850428,1.939330304085043,0,10
5.050163060850155,3.89967387829969,0,10
2.391340954860179,2.391340954860179,0,10
0.32799731620785644,1.3279973162078564,0,10
3.5372264763054346,0.0,0,10
5.704273095234967,4.704273095234967,0,10
0.5432014234983217,7.094664294169464,0,10
3.3524178226676744,0.0,0,10
3.568108734845496,0.0,0,10
5.045861685465505,4.045861685465505,0,10
0.0,0.2033097611186384,0,10
0.41468960728804993,1.41468960728805,0,10
5.5446450329267964,2.9107099341464076,0,10
0.0,0.2615484694685055,0,10
3.1877637220372117,0.0,0,10
1.07270882644785,2.0,0,10
3.8263756067215122,0.0,0,10
0.08986979299525888,7.850217011674569,0,10
0.2271971781910913,1.2271971781910913,0,10
4.0,0.47822260638367975,0,10
3.1146126677587738,0.0,0,10
1.3756850012509616,5.707191664581731,0,10
5.45927742384038,4.45927742384038,0,10
1.9077649982654137,0.0,0,10
5.443689959723127,4.443689959723127,0,10
2.187114722290646,0.0,0,10
1.3188886324580462,2.0,0,10
2.0138466854180916,0.0,0,10
5.380091657850935,4.380091657850935,0,10
2.191315509866608,2.191315509866608,0,10
3.5761254124118755,0.0,0,10
5.848215495469996,2.3035690090600065,0,10
0.6701452396204957,1.6701452396204957,0,10
3.0482268538516744,0.0,0,10
0.0,0.9696152770007902,0,10
0.0,0.22182647284405155,0,10
0.8186161401612264,1.8186161401612264,0,10
5.78634313154937,2.4273137369012603,0,10
1.9577886687662716,4.737018885389547,0,10
2.855908053939171,2.855908053939171,0,10
5.3810072706070535,4.3810072706070535,0,10
5.594265467427351,4.594265467427351,0,10
2.6589654345726035,0.0,0,10
5.511822673713444,4.511822673713444,0,10
5.517414896149758,4.517414896149758,0,10
1.524021798283989,0.0,0,10
0.19371412675727873,1.1937141267572788,0,10
5.195608919330706,3.6087821613385875,0,10
0.0,0.14770043610250894,0,10
5.006546422919302,4.006546422919302,0,10
3.932232264248809,0.0,0,10
2.0041841930376054,2.0041841930376054,0,10
2.876550307346691,2.876550307346691,0,10
3.938070802066599,0.0,0,10
0.0,0.2959645582217806,0,10
5.960979652977883,4.960979652977883,0,10
3.712150947902339,0.0,0,10
5.663081322320735,4.663081322320735,0,10
0.0,0.8663250377754357,0,10
2.819654830771652,2.819654830771652,0,10
5.843284131077716,4.843284131077716,0,10
3.909526518721169,0.0,0,10
3.9718661482450326,0.0,0,10
2.4901388697151,2.4901388697151,0,10
2.5491225236989483,2.5491225236989483,0,10
1.670299021502787,2.0,0,10
0.0,0.5064879579505254,0,10
3.8563990149194174,0.0,0,10
3.150920290840477,0.0,0,10
5.815338579459878,4.815338579459878,0,10
5.788718116203638,4.788718116203638,0,10
4.0,0.9134576776427082,0,10
0.0,0.6127425824687828,0,10
5.106596585977884,3.7868068280442326,0,10
1.4286432979428625,0.0,0,10
5.233695987819789,3.5326080243604228,0,10
5.995265402017407,4.995265402017407,0,10
0.9799371491048884,1.9799371491048885,0,10
0.0,0.8918017713309079,0,10
1.69474267149362,0.0,0,10
1.8906640504565513,0.0,0,10
1.5075236762234172,2.0,0,10
3.929732009604505,0.0,0,10
5.911562635650121,4.911562635650121,0,10
0.3186244755914681,7.468959207347553,0,10
5.201258878246785,4.201258878246785,0,10
1.8773640053306409,0.0,0,10
5.9432225022019285,4.9432225022019285,0,10
2.1356361379803195,0.0,0,10
2.8587269726838476,0.0,0,10
5.242841717564444,3.5143165648711117,0,10
5.313828385544347,3.3723432289113067,0,10
3.8563933901602274,0.0,0,10
1.2308777529135617,0.0,0,10
4.0,0.48066202078852793,0,10
0.6566665548235546,1.6566665548235546,0,10
5.341227070641318,3.3175458587173647,0,10
2.717209746133376,2.717209746133376,0,10
3.502466433756727,0.0,0,10
2.696722480447245,2.696722480447245,0,10
5.447470576565677,4.447470576565677,0,10
0.0,0.16112709705428085,0,10
0.0,0.43145103538171703,0,10
3.5142901318932225,0.0,0,10
5.872480456486331,2.2550390870273374,0,10
5.456307830769963,4.456307830769963,0,10
1.200490608732658,0.0,0,10
5.329839140000198,4.329839140000198,0,10
3.441887782963814,0.0,0,10
2.7676216825083917,2.7676216825083917,0,10
0.0,0.5155884856098234,0,10
4.0,0.6850080265813201,0,10
0.0,0.8465925489214037,0,10
3.5526237197225967,0.0,0,10
1.8999147756052959,2.0,0,10
2.7047762561823308,3.492039573029449,0,10
5.856088248551665,4.856088248551665,0,10
0.8589896217354399,6.568350630440934,0,10
3.2590147704535664,0.0,0,10
5.933628626441801,2.1327427471163976,0,10
0.0,0.3176316716278835,0,10
2.0518429952433133,0.0,0,10
0.0,0.055811682168098065,0,10
1.7172173020432209,0.0,0,10
5.446340799838544,4.446340799838544,0,10
2.640255230120144,2.640255230120144,0,10
2.159182301084329,0.0,0,10
5.4329580411648,4.4329580411648,0,10
0.7206378230901088,1.720637823090109,0,10
1.0389623678346855,2.0,0,10
0.0,0.9018678441916109,0,10
3.4069955524251427,0.0,0,10
2.008376446001807,0.0,0,10
1.7041767887889638,5.159705352018394,0,10
2.57660976836724,0.0,0,10
5.862855738672662,4.862855738672662,0,10
1.6722185660414206,0.0,0,10
